water_level,precipitation,temperature,humidity,visibility,wind,weather,pressure,fire,wl_change,temp_change,pressure_change
468,0,24.9,31,100,4,0,993.8,4,-3,-0.3,-0.4
140,0,27.9,22,20,1,0,1004.1,4,-2,0.6,-1
464,0,25.6,28,20,2,1,1001.2,4,-7,-1.8,-0.3
467,0,26.7,26,100,3,0,992.3,4,-1,1.2,-1.3
138,0,29.1,22,20,1,0,1001.3,4,-2,2.5,-1.3
461,0,27.2,30,20,3,0,999.9,4,-3,-0.8,-0.7
459,16,21,88,10,1,3,987.3,5,-1,1.6,1.3
500,2,18.2,93,10,1,8,996.6,4,-2,-8,2.6
459,16,21,88,10,1,3,987.3,5,-1,1.6,1.3
500,2,18.2,93,10,1,8,996.6,4,-2,-8,2.6
341,0,24.7,50,10,2,0,993.9,4,-10,1.1,-1.9
333,0,24.9,54,10,1,1,987.1,4,-8,0.7,0.3
189,0,29,30,4,2,1,997.2,4,-3,1,-0.6
203,0.1,20.2,89,10,2,8,991.9,4,-4,-5.6,0
284,0,16.6,57,100,2,2,1014.6,4,-11,6,1
190,0,14.3,76,100,1,0,1013,4,-12,3.1,1.3
271,0,22.9,37,100,4,0,1008.7,4,-13,1.5,-2
177,0,22.6,38,100,5,0,1007.6,4,-13,2.4,-1.9
259,0,17.2,79,100,2,1,1006.7,4,-12,1.8,0.7
167,0,17.6,85,100,2,1,1005,4,-10,2.1,0.2
248,0,25.5,51,100,2,0,1011.2,4,-11,5.2,0
159,0,25.1,56,100,2,0,1010.2,4,-8,4.7,0.3
237,0,16.3,88,100,1,2,1011.2,4,-11,0,0
150,0,15.6,93,100,2,2,1009.9,4,-9,-1.3,0.2
225,0,18.3,80,100,1,2,1006.4,4,-12,-0.1,-0.6
144,0,16.8,91,100,2,2,1005.7,4,-6,-0.5,-0.8
450,0,19.8,76,20,3,2,1007.2,4,-8,-0.3,-0.4
140,0.9,17.5,95,100,2,3,997.9,4,-4,0.4,-1.1
138,0,20.9,50,100,4,0,1004.4,4,-2,5.4,-0.3
134,0,22.5,44,100,3,2,1009,4,-4,6.8,0.1
131,0,26.7,43,100,3,1,1009.2,4,-3,3.8,-0.8
127,0,24.1,59,100,1,0,1008.9,4,-4,3.9,0
103,0,20.2,60,10,2,2,1009.8,4,-11,10.8,1
123,0,22.3,74,100,2,2,1013.2,4,-4,8.3,0.4
144,0,18.3,66,20,1,0,1012.2,4,-2,11.6,1.2
94,0,27.6,34,10,3,0,1009.7,4,-9,-0.9,-1
130,0,21.6,46,10,1,2,1011.8,4,-1,-0.7,-0.5
120,0,28.1,37,100,2,0,1014.2,5,-3,-0.3,-1.1
142,0,25.2,33,20,2,2,1011.3,4,-2,-0.5,-1.2
85,0,19.7,68,10,2,2,1009.9,4,-9,12.8,0.2
129,0,19.2,61,10,1,2,1012.5,4,-1,10.8,0.2
116,0,20.8,59,100,1,0,1013.5,4,-4,11.5,-0.5
140,0,17.9,65,20,1,2,1012.3,4,-2,11.3,0.4
80,0,20.1,63,10,1,0,1008.1,4,-5,10.2,0.1
114,0,20.8,75,100,1,2,1011.1,4,-2,7.7,-0.1
74,0,21.2,66,10,2,1,1002.6,4,-6,4.1,-0.7
251,0,25.7,48,20,1,1,1007.7,4,-2,5.1,-0.2
179,0,26.4,43,10,1,0,1006.2,4,-1,7.6,-0.6
509,0,24.1,51,100,1,0,1010,4,-5,5.5,-0.3
132,0,25.7,46,20,2,0,1004.7,4,-4,7.1,-0.5
240,0,25.7,43,20,3,2,1002.3,4,-3,4.9,-0.3
69,0,27.2,49,10,3,0,1006.2,4,-5,5.3,0.2
469,0,26.8,46,20,3,0,994.9,4,-8,6.6,-0.5
127,0,19.5,43,10,1,2,1007.5,4,-1,3.5,-0.1
249,0,19.6,38,20,3,2,1011.1,4,-2,4,0.1
178,0,21.2,38,10,2,2,1009.6,4,-1,3.8,0.2
506,0,20.8,39,100,3,2,1014,4,-3,3.4,0.2
129,0,21.2,61,20,4,0,1008.2,4,-3,4.1,0.3
236,0,22.9,39,20,3,2,1005.9,4,-4,5.2,-0.4
64,0,24.9,45,10,2,2,1008.5,4,-5,4.9,-0.7
451,0,24.9,46,100,3,0,998.4,4,-18,4.1,-0.1
126,0,24.3,44,10,2,0,1003.7,4,-1,5.8,-2
247,0,21.7,52,20,2,1,1008.2,4,-2,3.9,-1.6
178,0,24,43,10,2,0,1007.7,4,0,6.8,-1.8
506,0,22.9,50,100,3,0,1011.7,4,0,5.2,-1.5
127,0,23,40,20,3,0,1009.2,4,-2,5.6,-1.3
234,0,12.8,91,20,2,1,1001.9,4,-2,-0.3,-0.4
58,0,16.9,93,10,3,0,1006,4,-6,-1.1,0.2
429,0,7.8,97,20,1,2,998,4,-22,-1.7,-0.4
512,0,12.1,83,100,4,1,1012.9,4,6,-3.3,1.9
125,0.3,15.7,96,10,2,0,1006.7,4,-2,2,0.7
135,0,12.5,86,10,1,1,997.3,4,3,-0.7,-1.1
601,0,11.7,79,20,1,0,1002.1,4,-3,-1.5,0.3
605,0.6,11.8,87,20,2,1,1002.1,4,1,-2.3,0.2
231,0,6.6,94,20,1,0,1004.1,4,-3,-1.1,0.1
56,0,7.9,90,10,2,0,1008.3,4,-2,-1.3,0.4
412,0,14.9,94,100,3,0,995.1,4,-17,-1.4,0.5
516,0,7.5,91,100,1,1,1014.6,4,4,2.9,0.5
123,0,3,95,20,1,2,1009.7,4,-2,-1.9,0.4
183,0,7.4,81,20,1,0,1007.6,4,-5,-0.4,0.9
605,0,8,83,10,2,0,1007.5,4,0,-1.5,0.6
229,0,8.4,88,20,2,1,1008.3,4,-2,1.1,0.3
52,0,8.5,93,10,2,1,1012.5,4,-4,0.9,0.3
400,0,7.1,88,100,2,2,1000.7,4,-12,-1.8,0.9
518,0,11.3,92,100,2,1,1016.5,4,2,-1,0.6
122,0.4,9.3,93,20,1,1,1012.5,4,-1,0.2,0.3
181,0,13.3,79,20,1,1,1011.1,4,-2,3.5,0.7
603,0,13.8,75,20,1,0,1011.5,4,-2,2.8,0.9
228,0.1,12.5,89,20,1,1,1011.6,4,-1,3.4,0.7
48,0,13.7,78,10,1,0,1014.5,4,-4,7.8,0.7
519,0.6,11.4,92,10,2,1,1011,4,-12,7.5,1
395,0,13.8,68,100,2,2,1005.2,4,-5,9.3,0.9
123,0,14.7,76,10,1,1,1012,4,-1,6.1,-0.2
518,0,15,73,100,2,0,1020,4,0,8.8,0.7
122,0,14.3,69,20,1,0,1015.9,4,0,8.1,0.7
129,0,13.9,68,10,1,1,1007.5,4,-3,5.9,0.5
181,0,19.3,57,20,4,2,1011.8,4,0,2.9,-0.6
601,0,19.7,48,20,2,2,1012.1,4,-2,4,-0.4
226,0,21.2,57,20,5,0,1009.2,4,-2,4.3,-1.1
46,0,24.5,50,10,5,1,1010,5,-2,8.4,-0.9
80,0,24,46,20,5,0,1012.5,4,-5,6.4,-0.8
508,0,20.2,38,10,1,0,1011.6,4,-11,3.7,-0.3
380,0,20.6,44,100,2,0,1006.7,4,-15,3.5,-0.2
122,0,16.8,90,10,2,3,1002.9,4,-1,0,-1.3
516,0,20.1,75,20,4,3,1011,4,-2,2.6,-1.3
122,0,23.1,55,20,4,0,1009.4,4,0,7,-1.6
127,0,19.7,58,10,4,1,1005,4,-2,5.1,-1.1
166,0,20.9,52,20,2,0,1009.5,4,-15,2.6,0.2
600,0.1,20.8,55,20,1,0,1009.4,4,-1,2.6,0
43,2,22,48,10,2,0,1012.1,5,-3,4.8,0
76,0.1,22,58,20,3,0,1012.4,4,-4,3.9,-0.1
497,0,22.1,53,10,3,0,1008,4,-11,3.6,-0.2
368,0,18.4,80,100,1,1,1003.3,4,-12,4.6,-0.1
121,0,19.8,55,20,1,0,1014.4,4,-1,5.1,-0.2
152,0,14.2,93,4,1,6,1009.9,4,-14,3.6,0.3
595,0,16.6,77,20,1,2,1009.3,4,-5,5,0
41,0.1,15.3,86,10,1,1,1006.9,5,-2,2.6,-1
71,0,18.6,69,20,3,1,1008.6,4,-5,6.9,-0.3
492,0,17.3,70,4,1,6,1008.4,4,-5,12.1,0.3
358,0,12.3,99,0,1,5,1003.5,4,-10,4.2,0.2
120,0,16.7,66,20,2,2,1010.2,5,-1,12.1,-0.2
127,0,18.3,80,20,4,0,1004.5,4,-25,2.7,-0.1
593,0,17.6,78,20,3,2,1004.6,4,-2,4.1,0.2
594,0,18,68,20,2,2,1003.4,4,-3,10.7,-0.2
39,0,21.1,74,10,1,2,1001.5,5,-2,8.2,0
68,0.5,21.6,66,20,2,0,1003.1,4,-3,8.7,-0.4
484,0,18,67,4,1,6,1004.2,4,-8,13.1,0
120,0,21,73,20,2,0,1002.3,5,0,6.7,-0.2
45,0,17.4,81,20,2,0,999.8,4,-52,-0.9,0.3
592,0,15.2,81,20,1,0,999.4,4,-1,-0.8,-0.1
593,0,9.3,88,20,1,0,998.5,4,-1,-1.6,0.2
37,0,11.5,95,10,1,0,996.1,5,-2,-3.7,-0.6
64,0.5,12.1,96,4,1,5,998,4,-4,-2.9,-0.3
478,0,6.3,90,4,1,6,999.1,4,-6,-1.4,0.3
173,0,6,97,100,1,0,907.6,4,-1,-0.3,1.1
120,0,15.2,94,20,1,8,998.3,5,0,1,-0.1
323,0.1,16.7,88,20,3,2,996.8,4,-7,-0.8,-0.1
40,0.1,19.4,64,20,6,0,993.8,4,-5,2.3,-0.5
593,0,19.4,63,20,3,0,993.6,4,1,2.9,-0.3
597,0,20,59,20,2,1,992.6,4,4,7.5,0.1
36,0.3,15.8,96,0,2,5,993.2,5,-1,0.7,-0.2
61,0,16.6,96,4,1,6,993.9,4,-3,1.3,-1.1
473,0,23.1,46,10,2,0,993.5,4,-5,7.3,0
353,0,21.3,46,100,4,0,989.9,4,-1,5.6,0.3
447,0,20,56,10,1,1,993.1,4,0,12.5,-0.3
313,0,17.3,84,20,1,1,993.3,4,-10,2.7,-0.5
33,0.8,19.9,75,20,3,0,988.8,4,-7,0.3,-1
592,0.3,19.3,71,20,2,3,989.1,4,-1,0.2,-0.4
592,2,17.3,84,20,4,3,988,4,-5,-0.2,-0.3
59,0,17.8,59,20,4,0,990.9,4,-2,6.2,-0.7
469,2,17.5,79,10,4,3,988.8,4,-4,1.6,0.1
354,1,19.4,63,100,6,1,984.8,5,1,1.4,-0.2
444,0.7,19.5,74,4,3,3,986.8,4,-3,0.7,-1.6
172,0,17.4,51,100,1,0,901.4,4,-1,7.4,-1
305,0.7,19.3,83,20,2,1,987.9,4,-8,3.8,-1.2
67,0.8,21.7,56,20,4,0,988.6,4,-12,3.2,-1
591,0,21.8,47,20,6,0,988.6,4,-1,3.4,-0.7
57,0.1,12.7,71,20,8,4,990.1,4,-2,0.9,1
349,0,24.7,33,100,5,0,983.9,5,-5,5.8,-1.6
171,0,22.4,45,100,2,0,899.2,4,-1,7.6,-1.9
66,0,14.4,59,20,1,0,1002.5,4,-1,3,1.8
592,0,15,54,20,1,0,1003,4,1,3.4,1.6
55,0.1,14.5,53,20,4,1,1006.9,4,-2,5.6,0.9
341,0.7,13.8,62,100,4,1,998.3,5,-8,3.4,1.9
170,0,11.1,77,100,5,8,902,4,-1,-5.2,2.3
42,0,13.1,72,20,3,0,1009,4,-9,-0.6,0.2
593,0,8.6,86,20,1,2,1008.4,4,2,-4.4,0.2
50,0,7.6,97,4,1,5,1006.3,4,-2,-1.8,0
265,0,6.4,85,10,2,2,996.6,4,-2,-1.6,0
143,0,2.9,96,0,1,5,988.1,4,18,-0.7,0.1
347,0,2,95,20,1,0,1008.2,4,-1,0.2,0.1
115,1,9.8,93,100,3,1,1010.3,4,0,-0.7,-0.7
38,0,16.3,60,20,1,2,1007.4,4,-4,6.8,0.2
48,0,16.3,69,20,2,0,1007.5,4,-2,7.5,0.3
263,0,12.4,57,10,4,2,992.9,4,-2,5.3,0
333,0,13.7,68,100,2,2,1000,5,-2,6.9,0
132,0,13,54,20,2,2,985,4,-11,8.2,-0.1
57,0,12.2,69,100,1,0,1007.6,4,0,9.9,0.4
113,0,16.7,82,100,1,0,1011.1,4,-2,7.6,0.3
120,0,14.4,60,10,2,0,1008.8,4,1,10.9,0.1
147,0,14.1,59,10,2,2,998.4,4,-4,7.4,0
585,0,22.3,35,20,2,2,1001.7,5,-6,2.5,-0.8
594,0,20,47,20,2,2,1001.1,4,1,1.8,-0.7
597,0,21.2,34,20,4,2,999.5,4,2,2.2,-0.6
47,0,22.6,33,20,6,0,1001.4,4,-1,2.7,-1.8
454,0,23.6,25,10,4,2,998.7,4,-1,2.4,-1
261,0,22.8,42,20,2,2,988,4,-2,3.8,-0.5
333,0,22.9,38,100,3,2,994,5,0,3.8,-0.7
441,0,22.7,35,10,3,2,997.6,4,-1,2.7,-0.6
127,0,22.4,35,20,2,2,979.1,4,-5,2.6,-0.6
56,0,19.5,32,100,4,2,1003.6,4,-1,0.8,-0.9
346,0,19.5,31,20,7,4,1003.1,4,-1,1.1,-1
234,0,23.7,52,20,2,0,1012.1,4,-1,2.9,-0.5
112,0,23.4,43,100,4,1,1011.2,4,-1,0.8,-0.9
120,0,19.9,35,10,3,2,1005.8,4,0,0.6,-1.1
142,0,22.5,39,10,2,2,992.5,4,-5,2.8,-0.4
6,0,8.8,85,20,1,2,1000.6,5,0,-1.5,0
70,0,2.7,98,0,1,5,999.1,4,-1,-2.1,0
592,0,9.4,86,20,2,2,999.7,5,-2,-0.9,-0.5
593,0,5.9,89,20,1,0,998.7,4,-4,-2.5,-0.1
229,0,6.8,86,20,2,2,999.4,4,0,-1.2,-0.5
28,0,8.1,85,10,2,0,998.7,4,-1,-1.2,-0.7
46,0,8.5,87,20,2,2,999.3,5,-1,-1.7,-0.5
259,0,9,92,10,1,2,988.4,4,-2,-0.7,0.7
118,0,5.8,96,100,1,2,998.5,4,5,-0.9,0
54,0,5.9,91,100,1,2,1002.3,4,-2,-1.3,0.2
345,0,7.5,83,20,3,2,1001.5,4,-1,-0.6,-0.1
166,0,2.7,93,100,1,2,907,4,-1,-1.6,0.7
233,0,7.2,95,4,1,6,1011.9,4,-1,-1.3,0
111,0,9.5,83,100,2,2,1008.7,4,-1,-1.9,-0.7
90,0,10.6,71,100,3,2,1004.2,4,0,-2.5,-0.9
120,0,3.9,96,10,1,2,1005,4,0,0.8,0
593,0,15.6,81,20,3,0,997.9,5,3,1.8,0.4
70,0,12.9,87,20,1,1,996.7,4,0,1.2,0.6
592,0,14.8,83,20,2,1,997.7,5,0,0.8,0.5
44,0,6.8,98,4,3,5,999.6,5,-2,-3,0.5
451,0,9.8,92,4,1,6,997,4,-2,-2.9,0.2
256,0,14.9,73,10,1,0,987.7,4,-3,1,0.9
331,0.1,16.4,77,100,1,1,992.4,5,0,-2.5,0.2
440,1,11.4,95,4,1,3,996.2,4,0,1.8,0.7
37,0,5.8,97,0,1,5,979.8,4,-2,-2,0.1
119,0,7.3,95,0,1,5,978.3,4,-4,-2,0.3
122,0,9,96,20,1,1,996.5,4,4,1.4,0.1
116,0,5.7,93,10,1,6,996.4,4,-27,-0.3,0.1
52,0,5.7,96,4,1,6,997.8,4,-2,-1.5,0.2
344,0,2.3,96,0,1,5,997.7,4,-1,-0.1,0
111,1,11.6,90,100,1,8,1002.5,4,0,-1.2,-0.1
90,0.8,9.1,95,20,1,5,1000.7,4,0,-3.3,0.3
108,0,7.6,100,20,1,2,999.1,4,-1,-5.2,0.5
122,0,9.2,92,20,1,0,1000,4,0,-0.5,0.2
152,0,9.4,88,20,3,0,1000.3,4,-1,-1.7,-0.2
340,0,6.4,95,20,1,0,1004.2,4,-1,-0.3,-0.3
138,0.1,15.8,81,10,1,3,991.1,4,-2,1.6,0.7
-72,0,10,87,20,1,0,996.7,4,0,-0.8,0
38,0,20.8,63,20,1,2,997.7,5,-2,4.1,-0.8
70,0,26.2,35,20,1,0,996,4,0,10,-1.1
592,0,23.2,58,20,1,0,997.4,5,0,6.4,-0.5
594,0,25.1,35,20,2,1,996,4,1,8.4,-1.1
227,0,21.7,51,20,3,1,994.6,4,-1,5.2,-0.8
27,0,18.9,61,4,3,3,993.4,4,-1,3.5,-0.2
43,0,24.4,40,20,7,4,994.6,5,-1,7.9,-1.1
451,0,25.9,32,20,3,0,996.5,4,0,7.5,-1.1
253,0,22.8,50,10,2,0,987.4,4,-3,3.7,-0.3
334,0,25.5,35,100,1,0,992.1,5,3,6.4,-0.7
35,0,18.3,73,20,1,1,978.4,4,-2,0.8,-0.6
117,0.6,20.7,62,10,1,0,976.8,4,-2,3.4,-0.3
111,0,18.3,80,10,1,0,995.1,4,-11,5.1,-0.2
115,0,16,87,10,1,1,995.2,4,-1,2.4,0.2
51,2,15.9,89,10,2,3,995.5,4,-1,1.4,0.2
344,0,22,57,20,1,0,995.1,4,0,8.7,-0.5
232,0.4,21.4,51,20,3,0,999.3,4,-1,7.5,-1.1
176,0,22.4,41,10,3,0,998.9,4,0,8.6,-1.6
110,0,16.6,71,100,4,3,995.9,4,-1,2.2,-1.5
90,0,18.6,63,100,3,3,992.7,4,0,4.5,-1.6
106,0,19.2,61,20,3,4,994.2,4,-2,6.1,-0.5
122,0,20.5,56,20,2,1,996,4,0,4.1,-1.3
184,0.7,21.7,44,20,2,0,997.4,4,-8,4.6,-0.5
121,0,22.5,49,10,3,0,995.3,4,0,6.5,-0.6
338,0,20.1,67,20,1,0,1000.3,4,-2,8.1,-0.4
-157,0,21.9,49,20,1,2,995.1,4,3,8.1,-0.4
39,0,19.9,72,20,2,0,995.7,5,1,-2,-0.1
68,0,17.9,68,20,1,2,994.4,4,-2,-8.1,0
592,0,21,50,20,3,2,995.1,5,0,-3.5,0.2
593,0,21,49,20,2,0,993.4,4,-1,-4.5,-0.1
227,0,17.7,63,20,3,0,991.5,4,0,-6.1,-0.4
27,0,17.7,76,4,4,3,989.9,4,0,-5.6,1
42,6,17.4,78,20,2,3,991.3,5,-1,-5,1.2
449,0,19.3,59,10,4,0,993.3,4,-2,-7.4,-0.1
249,0,20.7,46,10,1,2,984.5,4,-4,-3.9,-0.1
32,0,15.5,77,20,1,2,977.1,4,-3,-5.9,-0.2
140,0,11.4,99,20,1,0,982.4,4,-3,-10.6,0.6
111,0,13.4,88,20,1,1,994.4,4,0,-9.9,-0.4
51,0,15.1,80,20,1,2,996.5,4,0,-8.3,0.2
232,0,15.1,85,20,1,1,999.3,4,0,-5.4,-0.4
109,0,18.6,73,20,4,0,995.2,4,-1,-2.8,-1.7
92,0,20.1,64,100,4,0,991,4,2,-1,-1.8
105,0.1,20.2,74,20,2,1,991.1,4,-1,-1,-1.2
120,0.1,19.7,67,20,3,0,994.2,4,-2,-1.5,-0.8
180,0.1,19.1,61,20,2,1,996.9,4,-4,-3.1,0.1
338,0.5,14.1,87,20,1,0,1000.8,4,0,-6.9,0.2
153,0.1,16.9,82,10,1,0,998.6,4,-1,-4.3,-0.4
-155,0,19.9,57,20,1,1,994.8,4,2,-1.9,0
256,0,14.9,77,100,3,1,997.4,4,-11,-3.7,-1.8
40,0,19.8,66,20,3,0,992,5,1,3.5,-1.1
68,0,19.7,61,20,3,0,990.8,4,0,11.2,-1.1
592,0,19.2,61,20,2,1,991.3,5,0,1.8,-0.7
593,0,18.9,59,20,2,1,989.6,4,0,2.7,-0.8
226,0,16.8,71,20,4,1,988.2,4,-1,4,-1
27,2,14.8,95,4,1,3,990.9,4,0,0.8,-0.2
449,0,17.6,65,10,4,0,990.2,4,0,3.5,0.4
245,0,18.7,60,10,2,0,983.1,4,-4,6.7,0.4
328,0,20.8,52,100,4,1,986.3,5,-4,8.5,-0.5
31,0,17.1,74,20,1,0,975.8,4,-1,10.4,-0.2
110,0,17.3,71,20,2,0,991.7,4,-1,9.7,-0.6
50,0,17.5,67,100,1,0,993.6,4,-1,9,-0.8
343,0,18.5,61,20,2,0,993,4,-1,13.8,-0.9
197,0,15.6,68,100,2,0,963.9,4,2,5.7,-0.1
121,0,19.1,67,10,1,0,998.5,4,-1,6.3,0.4
231,0,12.5,92,4,2,6,998.9,4,-1,-1.3,0.5
103,2,14.7,100,10,1,3,993.7,4,-2,0.7,0.4
119,0,14.9,79,20,1,1,993.6,4,-1,3.1,-0.1
179,0,17.3,65,20,3,1,995.1,4,-1,3.7,-0.7
119,0,18,68,10,2,0,995.7,4,-2,11.4,-0.8
338,0,19.4,61,20,1,0,999.3,4,0,9.5,-0.7
-158,0,17.8,64,20,1,0,992,4,-3,5.9,-0.7
243,0.9,12.7,94,10,1,3,1000.5,4,-13,-2.4,1.4
38,1,18.6,70,20,4,0,1000.1,5,-2,2.6,0.9
591,0.8,20.5,57,20,3,1,1000.1,5,-1,4.1,0.2
225,0,18.5,57,20,4,1,996,4,-1,5.9,-0.6
443,0.1,21.5,46,10,5,1,999,4,-6,6.4,-0.9
243,0,22.9,33,20,3,2,990.9,4,-2,4.8,-0.8
324,0,22.8,39,100,4,1,995.2,5,-4,5.8,-0.4
30,0.9,19.8,54,20,4,0,982.5,4,-1,2.5,0
50,0.8,20.9,42,100,3,0,975.5,4,-3,3.8,-0.2
140,2,22.1,49,20,2,1,986.7,4,3,2.9,-0.1
106,2,18.1,83,20,2,1,997.3,4,-4,2.3,0.9
50,0,18.1,73,100,5,1,997.1,4,0,0.5,1.1
344,2,17.2,81,20,2,1,997.2,4,1,2.1,1.2
195,1,21.6,55,100,1,0,967.4,4,-2,7.6,-1.6
164,0.8,16.1,71,100,1,0,907.4,4,1,5.2,-0.9
120,0,17.7,70,10,1,0,996.7,4,-1,4.7,0.3
231,0.4,16.1,88,20,4,1,999,4,0,0.6,0.7
119,0.7,17.8,60,20,3,1,997.6,4,0,5.1,-0.7
177,0,17.1,73,20,2,1,997.8,4,-2,1.7,0.9
118,0,19.6,66,10,4,0,996.5,4,-1,2.3,0.9
337,0.1,16.6,84,20,2,1,1001.1,4,-1,0.7,1.3
590,0,15.3,63,20,1,0,996.9,5,-1,-1.5,-0.4
224,0,10.4,88,20,1,1,993.5,4,-1,-5.2,0.2
442,0,15,66,10,5,0,995.1,4,-1,-1.3,-0.5
243,0,10.6,86,10,1,2,986.7,4,0,-1.8,-0.7
320,0,13.4,70,100,1,0,991.8,5,-4,-2.4,-0.4
28,0,4.2,98,0,1,5,980.5,4,-2,-2.3,-0.5
50,0,7.9,96,0,1,5,999.4,4,0,-0.5,0
344,0,7.4,95,0,1,5,998.9,4,0,-0.4,0
192,0,9.3,90,100,2,2,966.6,4,-3,-1.6,-0.3
222,0,15,63,100,3,0,959.7,4,-1,0,-0.3
163,0,3.4,100,100,1,0,905.9,4,-1,-1.7,0
120,0,13.9,81,10,1,1,999.1,4,0,0.1,-0.2
230,0.5,12.8,87,20,2,1,999.7,4,-1,-2,-0.1
119,0,14.2,75,20,2,1,996,4,0,-0.8,0.3
174,0,13.4,76,20,3,1,998.9,4,-3,-0.4,0.4
585,0,18.4,68,20,7,1,991.8,5,-5,-2.3,4.3
223,0.6,13.2,78,20,5,3,988,4,-1,-3.2,2.8
440,0,11.4,71,10,6,0,993.8,4,-2,-4.2,5.8
241,0,16.9,59,10,5,0,985.6,4,-2,-3.5,5.4
316,0,14.1,66,100,7,4,989.1,5,-4,-4.9,5.8
439,0,15.7,75,10,2,1,990.5,4,0,4.8,3.9
28,0,14.4,73,20,1,1,974.5,4,0,-1.3,0.8
50,0,12.8,88,20,2,1,991.8,4,0,-1.1,-0.8
344,0,11.4,87,20,1,0,991,4,0,-2.8,-0.6
192,0,12.7,76,100,3,1,963.4,4,0,-0.5,1.4
220,0,18.1,42,100,4,0,957.1,4,-2,-0.5,1.4
119,0,14.7,82,10,2,0,997.9,4,-1,0.1,-1.6
230,0,16.6,73,20,6,1,996.2,4,0,-1,-1.5
118,0.3,15.3,81,10,2,3,988.4,4,-1,-2.3,-0.3
171,0,14,84,20,3,0,991.5,4,-3,-1.1,-1.3
116,0,10.7,95,10,1,0,994.2,4,-1,-0.1,-1.2
150,0,12,85,10,1,0,998.2,4,0,-2.8,-0.7
587,0,9.1,82,20,2,0,1002.8,5,2,-1.5,-0.2
222,0.1,7.7,88,10,2,3,1000.2,4,-1,3.3,-0.1
238,0,9.3,93,10,1,0,990.9,5,-3,-1.2,-0.6
100,0,4.4,97,0,1,5,1001.5,4,-4,-0.4,0.2
191,0,13.2,85,100,2,1,968.1,4,-1,0.6,-0.5
212,0,8.8,98,0,1,5,978.9,4,-2,0,-0.4
219,0,9.8,97,100,1,2,961.5,4,-1,-0.5,0.1
161,0,3,100,100,1,2,906.5,4,-1,-2.1,0.1
229,0,4.2,99,4,1,6,1007.7,4,-1,-0.8,1
332,0,6.9,89,100,1,0,1009.3,4,-6,-1,0.5
118,0,7.6,87,20,1,0,1003.3,4,0,-0.3,0.1
168,0,6,92,20,1,0,1004.8,4,-3,-2.1,0.4
587,0,18.8,61,20,1,0,999,5,2,-1,-0.6
222,0,17.2,54,20,3,1,998.6,4,-1,-1.9,-0.5
438,0,19.5,42,10,2,0,997.6,4,-2,-1.6,-0.1
314,0,20.9,54,100,1,1,992,5,-2,-0.8,-0.4
27,0,20.8,64,20,4,1,978.3,4,-1,-4.1,0
49,0,20.7,65,100,1,0,970.3,4,0,-5.4,-0.1
100,0,19.4,53,20,2,0,997.1,4,-4,-2.1,-0.2
50,0,18.3,52,100,1,0,999.8,4,0,-1.1,-0.5
344,0,16.3,55,20,2,0,999.7,4,0,-2.5,-0.5
191,0,25.1,41,100,1,1,961.2,4,-1,-2.3,-0.2
212,0,22.6,61,100,1,1,973,4,-2,-4.1,-0.4
161,0,21.7,39,100,2,0,900.9,4,-1,-1.3,-0.2
229,0,17.1,48,20,3,1,1008.3,4,-1,-1.5,0
332,0,16.5,62,100,2,1,1009.4,4,-6,-2.4,0
118,0,16.9,51,20,2,0,1002.7,4,0,-1.1,-0.2
168,0,17.2,53,20,2,1,1003.5,4,-3,-0.9,-0.5
68,2,18.9,65,20,3,1,1001.4,4,0,4.3,2.1
584,0,16.2,68,20,4,0,1003.7,5,-3,1.4,2.2
584,0,17.3,54,20,2,0,1002.3,4,-4,4.6,1.9
221,0.1,16.4,57,20,4,0,1001.4,4,-1,4,1.5
431,0,18.7,45,10,4,0,1003.3,4,-7,5.1,1.5
312,0.7,17,63,100,4,0,998.8,5,-2,2.2,2.5
27,0,14,94,10,2,3,984.9,4,0,0.5,2.4
49,0.3,13.8,92,10,1,3,978,4,0,0.6,2
137,0,14.5,94,10,3,3,988.8,4,2,0.6,3.1
98,0,15,93,10,2,3,999.3,4,-2,0.7,2.7
50,0,13.3,96,4,3,3,998,4,0,-1.2,2.6
343,0,16,79,20,2,1,998.6,4,-1,4.1,1.3
191,0.8,14.1,92,10,1,3,971.7,4,0,0.4,1.7
211,0,14.6,93,10,1,3,982.3,4,-1,0.9,1.8
161,0.4,12.9,88,100,1,3,909.1,4,0,1,1.1
228,0,11.7,92,4,1,3,1005.4,4,-1,2.8,-0.7
178,0,11,99,4,1,3,1004.4,4,0,1.9,-0.6
327,0,15.1,68,100,1,0,1006.6,4,-5,5.7,-0.4
118,0,12.1,83,20,3,1,1003.9,4,0,3.1,1.5
153,0,12.9,78,20,1,1,1001.3,4,0,3,0.7
165,0.3,12.3,94,20,1,3,1001.5,4,-3,2.4,0.8
111,0,15.8,66,10,1,1,998.2,4,-3,2.8,0.5
149,0,14.3,67,10,1,1,1001.3,4,0,2.7,-1.1
68,0,21.4,43,20,2,2,1005.6,4,0,11.7,-1
583,0,20,56,20,2,0,1006.9,5,-1,6.2,-1
584,0,20.6,33,20,1,0,1005.2,4,0,7.1,-0.9
220,0,18.8,38,20,5,1,1005.1,4,-1,7.6,-0.6
427,0,19.6,44,10,4,0,1005.4,4,-4,7.6,-0.9
311,0,20.8,41,100,2,0,1000.6,5,-1,6.3,-0.9
98,0,12.9,97,2,1,6,1005.4,4,0,1.2,-0.2
343,0,17.6,69,20,1,0,1006,4,0,8.3,-0.9
227,0.1,16.5,60,20,3,1,1013.5,4,-1,7.8,-0.2
324,0,16.6,57,100,2,1,1015.1,4,-3,5.2,-0.5
152,0,17,54,20,3,0,1009.5,4,-1,5.4,-0.3
37,0,9.8,95,20,1,2,1005.8,4,33,-0.6,0.2
68,0,2.9,99,0,1,5,1004.5,4,0,-1.9,0.3
583,0,4.2,89,20,1,2,1004,4,-1,-1.9,0.2
220,0,3.3,95,20,2,5,1004.1,4,0,-0.7,0.6
426,0,3,92,4,1,6,1004,4,-1,-4.1,0.2
309,0,4.8,97,100,1,5,998.9,5,-2,-3.6,0
227,0,7.5,100,4,2,6,1012.3,4,0,-0.7,0.2
320,0,8.6,95,100,2,0,1012.8,4,-4,0.2,-0.4
151,0,9.9,97,20,2,0,1007.9,4,-1,-0.7,0
39,0,21,60,100,1,2,997.4,4,2,-2.4,-0.1
68,0,24.1,45,20,1,2,996,4,0,-2.2,0.1
578,0,20.6,65,10,1,2,997.3,5,-3,-1,0.2
580,0,22,52,20,2,2,995.4,4,-3,-2.7,0.2
220,0,20.1,55,20,1,2,996,4,0,-2,0.2
426,0,23.7,43,10,3,2,995.3,4,0,-0.3,-0.1
307,0,22.6,55,100,2,2,991.1,5,-2,-3.2,0.4
43,0,11.2,94,20,1,0,998.4,4,1,-1.1,0.3
576,0,11.6,92,10,1,0,997.6,5,-2,-2.4,0
579,0,9.4,90,20,1,1,996,4,-1,0.4,0.2
220,0,10.9,95,20,1,5,997.1,4,0,1.1,0.7
422,0,6.7,93,2,1,6,995.8,4,-4,-1.1,0
305,0,10,97,20,1,5,991.7,5,-2,-2.2,0.5
226,0,5.1,70,4,1,6,1006.9,4,-1,-2,-0.1
315,0,6.6,95,4,1,5,1008.4,4,-2,-1.6,0.4
574,0,12.3,96,20,1,2,999.9,4,-1,-0.7,0.5
69,0,6.8,97,0,2,5,998.5,4,4,-1.1,0.6
575,0,9.4,92,4,2,6,998.9,4,-4,0.6,0.5
36,0,6.1,94,10,1,2,1003.1,4,0,-1.3,0.1
418,0,10.1,93,0,2,5,999.8,4,-4,-0.6,0.5
239,0,12.5,80,10,2,0,989.9,4,2,-0.3,0.2
304,0,9.1,97,20,1,5,994.6,5,-1,-1,0.3
107,0,10.8,91,10,2,1,979,4,-2,-1.5,0.8
342,0,1.3,96,0,1,5,998.9,4,0,-1.5,0.4
155,0,12.2,65,100,4,1,907,4,-1,3.9,0.7
131,0.1,9.4,95,0,1,5,1007.7,4,5,-3,0.2
99,0,8.5,99,10,1,0,992.8,4,0,-1.3,0.4
224,0,1.9,87,20,2,0,1019.9,4,0,-1.5,2.1
177,0,-2.2,97,4,1,6,1017.2,4,0,-1.8,1.1
306,0,0.6,96,100,1,5,1021.3,4,-1,-1.8,1.3
137,0,7.1,96,0,1,5,1021,4,2,0.8,0.9
109,0,8.8,95,0,3,5,1019.5,4,0,0.5,0.8
109,0.4,8.5,100,1,1,6,1016.6,4,-1,2.3,0.7
116,0,5.8,95,2,1,6,1015.8,4,0,-0.9,0.9
145,0.4,4.1,99,1,2,6,1011.5,4,0,-2.4,1
223,0,8.7,66,20,2,0,1021,4,-1,1.6,-0.5
177,0,7.3,72,10,2,1,1019.8,4,0,0.7,-0.4
305,0,9,68,20,1,0,1023.2,4,-1,3.6,-1
109,0,15.3,55,20,2,0,1020.3,4,0,3.2,-1.2
108,0,15.4,51,20,1,2,1017.8,4,-1,2.7,-1.2
116,0,14.8,40,20,4,0,1017.3,4,0,2.8,-1.2
145,0,11.3,62,20,3,0,1014.1,4,0,0.1,-0.8
102,0,15.1,38,10,2,2,1008.1,4,-1,1,-1
325,0,15.3,41,20,2,0,1015.7,4,0,1.3,-1
109,0,1.9,97,0,1,5,1020.7,4,0,2.1,0.6
116,0,0.5,96,0,1,5,1019.5,4,0,4.4,0.8
145,0,3.8,88,20,1,2,1016.3,4,0,3.4,1.2
101,0,7,75,10,1,1,1012.6,4,-1,4.5,0.9
222,0,5.2,92,4,1,6,1009.5,4,0,5.4,-0.8
301,0,6.9,76,100,2,1,1013,4,-1,4.3,-0.6
132,0.1,7.7,91,20,2,3,1010.7,4,-2,-0.8,-0.5
106,0.8,8.8,85,20,2,1,1009.9,4,-1,1.1,-0.2
104,0,5.4,92,20,1,1,1009.1,4,-1,5.2,-0.3
116,0,2.9,88,10,1,2,1010.2,4,0,7,-0.3
221,0.1,8.3,75,20,2,0,1007.8,4,-1,-1.5,0.8
301,2,8.4,75,100,1,0,1010.5,4,0,-1,0.4
132,0,9.1,65,100,2,0,1010.1,4,0,-2.2,0.5
104,0.1,10.1,66,100,2,1,1007.9,4,-2,-0.3,0.1
103,0,11.5,83,20,2,1,1005,4,-1,-4.6,0.5
115,0,11.1,76,20,4,1,1005,4,-1,-4.7,1
98,1,8.7,78,10,1,0,997,4,-2,-1.5,-0.8
323,0.1,11.8,76,20,2,0,1003.3,4,-1,-4.9,0.6
300,0,0.8,76,20,4,5,1013.8,4,-1,2,0.7
131,0,4.5,56,100,4,0,1012.9,4,-1,3.2,0.3
102,0,8.5,54,100,2,0,1009.8,4,-2,7.9,-0.3
102,0,8.4,66,20,2,0,1006.6,4,-1,4.3,-0.1
115,0,7.1,71,20,4,0,1006.5,4,0,3.7,-0.2
97,0.6,4.8,83,10,1,1,998.7,4,-1,-1,0.5
322,0,3.1,85,20,2,1,1006.5,4,-1,0.9,0.5
219,0,3.9,42,20,2,2,1016.9,4,-1,-1.2,-0.3
298,0,4.1,43,100,2,0,1018.1,4,-2,-1.4,-0.8
130,0,4.2,44,100,2,0,1015.9,4,-1,-1.5,-0.8
100,0,4.6,43,100,3,0,1012.2,4,-2,-2.1,-0.8
101,0,5.3,43,20,1,0,1009.3,4,-1,-0.8,-1.1
114,0,4.9,42,20,3,0,1009.8,4,-1,-1.5,-1
322,0,3,45,20,1,2,1013,4,0,-4,-0.1
219,0,-5.5,87,20,2,0,1015.3,4,0,-1.3,0
297,0,-1.4,71,100,3,2,1016.9,4,-1,2.3,1
128,0,-2,75,100,2,0,1015.1,4,-2,2.7,0.4
99,0,-1.7,73,100,2,1,1011.8,4,-1,2.4,0.5
101,0,-1.3,80,20,1,1,1008.2,4,0,2.7,0
114,0,-0.7,68,20,4,0,1008.2,4,0,2.4,0
95,0,-0.5,71,10,2,2,1003.9,4,-1,6.5,-0.3
322,0,-0.5,69,20,2,2,1009.9,4,0,4.6,0
-56,0,0.8,62,20,1,2,999.4,4,-8,2.3,0
219,0,-3.5,85,20,1,0,1021.6,4,0,-5.4,0.8
295,0,0.1,59,100,2,0,1023.7,4,-2,-2.8,1.8
126,0,0.5,61,20,2,2,1020.7,4,-2,-3.9,1.1
99,0,3.5,48,100,3,2,1016.8,4,0,-3,0.7
100,0,-0.2,63,20,1,2,1015.2,4,-1,-7.2,1.1
114,0,-0.8,57,20,1,0,1016.9,4,0,-5.7,1.5
293,0,-3.7,81,100,2,0,1026.6,4,-2,0,1
125,0,-5.4,84,20,1,0,1023.4,4,-1,-0.9,1
96,0,-2.7,65,100,2,0,1019.7,4,-3,-1.1,1
100,0,-7.1,98,20,1,0,1017.1,4,0,-1.8,0.8
114,0,-6.1,77,20,2,1,1019,4,0,-1.5,0.9
321,0,-10.2,91,20,1,2,1021.9,4,-1,-2.1,0.6
-170,0,-5.2,68,20,1,2,1013.4,4,-8,-1.6,0.9
218,0,5.5,40,20,1,2,1025.5,4,-1,0.6,-0.2
293,0,5.9,32,100,2,0,1027.5,4,-2,2.3,-0.2
125,0,6.3,30,100,3,0,1024.9,4,-1,1.8,0
96,0,6.2,29,100,2,0,1021.7,4,-3,2.1,0.2
100,0,5.4,40,20,1,1,1019.2,4,0,0.9,0.4
114,0,6,28,20,3,1,1020.4,4,0,2,-0.1
94,0,3.5,34,10,2,2,1015.4,4,-1,0.9,-0.6
321,0,5.7,29,20,2,2,1022.1,4,-1,1.3,-0.5
-170,0,4,31,20,1,2,1013.9,4,-8,1,-0.4
217,0,-7.3,98,4,1,6,1026.8,4,-1,-1.3,0.3
95,0,-8.1,90,100,1,2,1025.6,4,-1,-0.6,0.7
320,0,-11.3,92,20,1,2,1023.3,4,-1,-1.4,0.2
-81,0,-6.9,78,20,1,0,1016.1,4,-7,-1.3,0.5
217,0,-2.6,86,20,1,0,1026.7,4,-1,-5.8,0.6
292,0,-4.4,80,100,1,0,1029.1,4,-1,-7.8,0.2
123,0,-3.1,78,20,1,2,1028.1,4,-2,-7.3,0.3
320,0,2.6,53,20,1,1,1022.8,4,-1,-2,0.2
292,0,-0.1,66,100,1,1,1028.3,4,0,-4,-0.3
122,0,-3.9,79,20,1,2,1026.2,4,-1,-7.4,-0.3
95,0,-4.1,80,100,1,2,1023.7,4,0,-8.1,-0.1
114,0,-4.5,76,20,1,0,1022.4,4,0,-8.1,-0.4
-181,0.1,0.7,70,20,1,1,1015.5,4,-5,-1.2,-0.4
216,0,4.2,53,20,3,7,1023.4,4,-1,0.9,-0.7
292,0,4.9,62,100,2,1,1025.1,4,0,2.6,-1
120,0,5.7,37,100,2,0,1022.4,4,-2,1.6,-1.3
94,0,5.1,41,100,2,1,1019.7,4,-1,1.8,-1
98,0,4.9,49,20,1,1,1016.7,4,-1,1.4,-1.3
114,0,4.6,46,20,3,1,1017.8,4,0,1,-1.3
139,0,5.1,39,20,2,1,1016.9,4,-3,0.4,-0.8
92,0,5,37,10,2,1,1014.3,4,-1,1.1,-0.6
319,0,5.1,50,20,1,1,1020.4,4,0,0.8,-0.7
-186,0,5.3,33,20,1,1,1012.5,4,-5,0.2,-0.8
216,0.1,4.7,37,20,2,1,1018.6,4,0,1.9,-1.1
292,0,4.5,39,100,4,1,1020.2,4,0,1.9,-0.7
118,0.1,3.6,67,100,3,1,1019.9,4,-2,1,-0.4
94,0,3.8,65,100,5,1,1018.5,4,0,0.5,-0.3
98,0,4.6,62,10,2,7,1014.6,4,0,1.5,-0.1
114,0,3.7,43,20,5,1,1012.6,4,0,0.5,0.1
135,0,5.5,39,20,5,1,1008.2,4,-4,0.4,-0.8
91,0,6.5,30,10,3,0,1007.3,4,-1,-0.1,-1
319,0,6.3,30,20,4,1,1012,4,0,-0.5,-1
-174,0,3.1,67,20,1,1,1002.6,4,12,-0.1,-1.5
216,0.1,4.3,52,20,1,1,1017.3,4,0,2.9,-0.6
292,0,4.8,51,100,3,0,1019.5,4,0,3.8,-0.8
117,0.1,1.3,81,10,3,7,1020.3,4,-1,1.7,-0.5
93,0,3.8,58,100,3,0,1019.6,4,-1,4.3,-0.3
97,0,2.7,77,20,1,1,1016.6,4,-1,3,-0.4
114,0.2,1,87,4,3,7,1014.6,4,0,1.4,-0.4
127,0.3,-0.1,81,20,2,6,1008.6,4,-8,0.7,0.2
90,0,-0.1,92,4,1,7,1006.3,4,-1,0.7,0.2
319,0.4,2,74,20,1,1,1011.6,4,0,2.9,0.1
216,0,-0.2,84,20,1,1,1016,4,0,0.6,-0.3
291,0,-1.1,90,100,1,1,1018.7,4,-1,1.3,-0.6
116,0,-2.8,94,100,1,0,1018.2,4,-1,2.4,-0.6
114,0.1,-0.6,89,20,1,1,1014.2,4,0,0.7,-0.3
133,0.5,-0.3,98,4,1,7,1010.1,4,6,0.2,0
216,0.5,1.7,94,4,2,7,1009.6,4,0,1.9,-0.3
289,0.6,0.8,90,20,1,1,1011.5,4,-2,1.3,-0.3
114,0,1.9,75,100,1,1,1010.3,4,-2,6.2,-0.3
93,0,2.3,66,100,1,1,1008.1,4,0,3.8,-0.1
97,0,2.4,68,20,1,1,1006.3,4,0,5.6,-0.2
114,0.8,0.7,88,4,2,7,1005.6,4,0,1,-0.2
147,0.5,0.8,94,4,3,7,1003.6,4,14,0.9,-0.6
319,0.3,2.4,79,20,1,1,1007.1,4,0,2.3,-0.9
674,0,3.2,94,100,1,0,1006.7,4,7,1.2,1.8
601,0.4,3.4,90,20,1,1,1002.3,4,-6,-0.5,2.4
76,0.6,6.6,64,100,2,3,926.3,4,1,-3.4,2.3
545,0.1,4.8,92,10,2,0,1004.8,4,-1,0.3,2
413,0,23.7,23,20,4,0,1000.8,4,10,1,-1.5
515,0,23.9,22,20,2,2,992.6,4,7,0.9,-0.8
470,0,24,19,10,2,2,993,4,12,-0.1,-1
681,0,23,28,100,3,0,998.2,4,7,0.6,-1.4
587,0,24.6,18,20,2,0,994.9,4,-14,0,-1.7
664,0,24.7,18,20,3,0,987,4,3,0.1,-1.6
72,0,23.2,15,100,1,2,923.2,4,-4,-0.3,-0.7
537,0,24.4,24,10,1,0,996.7,4,-8,0.7,-1.6
286,0,22.2,23,20,9,4,999,4,9,5.4,-0.5
336,0,23,36,4,6,1,997.2,4,22,4.1,0.8
413,0,23.9,30,20,4,0,995.8,4,0,4.6,0.1
517,0,24.3,28,20,6,4,990,4,2,5.7,-0.4
481,0,27.7,13,10,6,4,990.8,4,11,6,-0.8
683,0,27,15,100,7,4,994.2,4,2,5.6,-0.8
577,0,26.8,14,20,4,2,991.6,4,-10,9.8,-1
688,0,26.8,16,100,4,2,984.5,4,24,7.8,-0.9
71,0,22.7,18,100,1,2,923.2,4,-1,10.8,-2.7
530,0,26.9,16,10,5,4,993.2,4,-7,6.1,-0.8
760,0,10.9,78,20,3,0,997.1,4,-15,-3.8,2.4
981,0,5.1,80,20,3,1,1005.5,4,9,-0.8,1.4
497,0,3.6,79,20,2,1,1006.8,4,30,-1.7,0.7
356,0,4.7,73,20,4,1,1009.6,4,20,-1.6,0.8
407,0,10.5,92,4,3,6,1003.1,4,-6,-1.2,1.5
535,0,10.9,82,10,3,1,992.6,4,18,-0.7,0.5
169,0,4.6,77,20,1,0,970.8,4,6,-0.7,0.8
339,0,10,82,20,1,2,996,4,-17,-2,1
682,0,13.1,68,20,3,1,997.5,4,-1,-1.2,1
565,0,12.4,54,20,1,0,992.4,4,-12,-2.9,1.5
709,0,11.9,49,20,2,0,984.1,4,21,-2.9,0.9
429,0,11.2,74,20,3,1,999.1,4,47,-4.2,3
591,0,9.5,75,10,4,1,1000.9,4,18,-3,2.9
564,0.3,1,88,20,3,1,1008.7,4,58,-1,2.2
754,0.4,2,87,20,2,1,1007.8,4,6,-1.4,1.9
332,0,7.1,78,10,1,1,1001.4,4,8,-3.6,3.6
575,0,2.6,83,20,3,1,1010.1,4,20,-1.4,2.3
529,0,14.7,62,10,2,0,995.3,4,-1,-1.8,1.4
513,0.1,6.6,79,20,2,1,1002.1,4,31,-0.2,2.4
748,0,18.3,27,100,6,4,993.6,4,-12,2.1,-2.5
327,0,18.8,28,20,6,0,1000.4,4,8,0.3,-2.3
450,0,16.9,30,20,6,4,993.5,4,48,0.6,-2.3
309,0,15.2,46,20,8,4,1002.6,4,10,1.6,-2.4
987,0,10.3,66,10,7,4,999,4,6,-8.2,0.8
519,0,8,74,10,1,3,1001.2,4,22,-9.2,3
399,0,17.7,25,20,7,4,1002.3,4,-8,1.9,-2.3
547,0.1,14.1,55,20,6,1,997.5,4,12,2,-1.4
173,0.1,12,68,20,2,3,973.8,4,4,0.5,-0.9
466,0,14.7,50,10,6,4,996.3,4,-11,2.7,-1.4
324,0,14.5,52,20,4,1,999.4,4,-15,1.5,-1.7
682,0,17.4,35,100,6,4,999.2,4,0,2.2,-2.4
913,0,15.6,37,10,5,1,1001.4,4,-4,0.1,-2.1
564,0,14.6,46,20,4,0,994.7,4,-1,-0.4,-1.9
734,0,13.8,47,20,4,1,987.3,4,25,0.2,-1.7
385,0,13.2,58,20,6,1,985,4,-7,1.1,-1.4
350,0.9,14.7,46,20,5,1,988.8,4,20,1.9,-1.4
678,0,18.5,22,10,5,4,992.1,4,5,1.7,-2.4
591,0.1,19,19,10,6,4,996.4,4,34,2.4,-2.8
664,0.1,19.3,22,20,5,4,996.9,4,29,2.8,-2.9
331,0.1,17.6,56,100,2,1,970.5,4,28,-0.5,-0.7
234,0,19.7,32,100,5,0,906.5,4,9,-0.7,-0.8
636,0,5,83,10,5,4,1003.7,4,54,-0.3,1.3
597,0,4.4,91,10,3,3,999.4,4,33,-4.7,2.1
766,0,4.8,91,10,3,3,998.5,4,12,-8,2.5
347,0,17.1,32,10,6,4,991.1,4,15,1.5,-2.9
599,0,5.7,86,10,4,4,999.9,4,24,-5.4,1.1
528,0.1,15.4,46,10,6,1,997.6,4,-1,0.6,-2
530,0.3,17.9,27,20,3,1,993.1,4,17,-0.4,-2.6
331,2,1.8,80,20,2,1,1005.8,4,-1,1.1,0.3
998,0,3.3,51,20,5,1,1006.5,4,5,4.6,-1.7
545,0,3.8,47,20,3,0,1006,4,11,5.2,-2.5
406,0,5.4,44,20,6,0,1010.4,4,15,5.4,-2.1
682,0.5,1.3,87,20,4,7,1002.3,4,-3,-0.7,1.2
908,0.1,0.8,92,4,2,7,1004.6,4,-4,-1.5,1.2
249,1,4,67,100,4,1,905.6,4,0,1.1,0.4
1002,0.1,1.3,57,20,4,1,1009,4,4,-0.8,1.2
554,0.9,0.3,80,20,1,7,1010.4,4,9,-0.9,1.3
419,0,3.7,66,20,6,1,1011.8,4,13,-4.5,1.2
240,0.7,-1.2,42,100,3,1,912.3,4,-9,-3,2.5
961,0.4,2,47,20,1,0,1014.7,4,25,2.9,0.8
1005,0,2.6,32,20,2,1,1015.7,4,3,3.3,-0.5
561,0,2.9,34,20,3,1,1015,4,7,3.6,-1.2
432,0,5.7,30,20,5,4,1016.5,4,13,4.5,-1.5
228,1,2.9,74,100,5,0,908.3,4,-12,2.9,0.3
1005,0,19.5,39,20,3,2,993.3,4,0,8.5,-1.7
567,0.1,23.1,30,20,5,1,991.4,4,6,9.2,-2.3
574,0,25.5,17,10,8,4,991.3,4,7,6.5,-2.2
443,0,26.3,17,10,9,4,994.1,4,11,3.8,-1.6
213,0,14.9,16,100,1,1,909.5,4,-15,5.4,-1.8
1006,0,15.5,57,20,3,1,992.1,4,1,4.1,0.5
571,0,6.3,78,20,2,1,994.1,4,4,-3.6,1.5
578,0.1,9,58,10,1,1,996,4,4,2.4,0.6
452,0,11.7,63,10,2,1,996.3,4,9,1.6,0.8
204,0,9.7,53,100,3,1,911.6,4,-9,6.5,0.2
855,2,6.5,69,100,3,0,997.6,4,6,6.6,-0.9
409,0,19.9,39,20,5,4,977.4,4,15,7.1,-1.8
1005,0,17.4,50,20,3,1,975.1,4,-1,-4.3,1.9
573,0.9,8.2,86,10,2,3,976.8,4,2,-2.5,0.8
462,0,7,91,4,3,3,979.4,4,10,-3.1,0.2
203,0,22.4,13,100,5,4,896.8,4,-1,2.2,-1.4
870,0.5,4.7,49,100,3,1,985.1,4,15,1,-0.6
193,0.5,8.4,55,20,5,0,990.5,4,3,3.3,3
326,0,9.6,49,20,7,4,991.5,4,-8,6.9,1.3
696,0.9,9,48,10,5,4,992.9,4,-1,6.7,1.9
250,5,7.2,61,20,3,0,988.7,4,-8,2.7,2.3
671,0,8.6,52,100,5,4,988.8,4,-3,4.4,2.4
724,0.1,8.5,47,10,3,0,991.1,4,-46,2.1,3.8
69,1,11.7,81,100,2,1,910.7,4,2,1.5,-0.1
877,0,6.4,40,100,3,1,987.5,4,7,7,0.6
494,0.6,8.1,56,10,5,0,986.8,4,-13,3,3.1
695,0,17.5,32,100,9,4,978.4,4,-2,2.5,-0.6
190,0.1,19.6,31,20,11,4,985.9,4,-3,4.1,0.1
196,0,16.5,34,20,9,4,980.4,4,16,1.4,0.1
320,0,15.3,27,20,8,4,991.3,4,-6,1.6,2.7
696,0,16.8,35,10,9,4,990.6,4,0,1.9,1.5
243,0,21.1,22,20,7,4,987.5,4,-7,5.5,-0.6
670,0,17,33,100,11,4,986.9,4,-1,-1.5,1.1
692,0,17,40,10,5,1,988.7,4,-32,1.5,0.5
435,0,18.5,24,20,10,4,975.8,4,125,4.1,-1.4
696,0,17.4,22,10,8,1,978.4,4,0,0.5,-0.9
359,0.1,18.1,29,10,8,4,982.4,4,13,2.4,-2
471,0,19.2,28,10,9,4,984.5,4,-23,2.2,-0.3
692,0,6.9,56,100,5,7,997.2,4,-3,2.4,2.6
189,0,9.5,33,20,6,4,1003.9,4,-1,1.9,2.7
165,0,6.6,50,20,4,4,995.7,4,-31,-0.8,2.7
313,0,10.4,24,20,3,0,1006.1,4,-7,2.5,1.3
695,0,9.8,25,10,5,0,1006.4,4,-1,2.3,1.6
232,0,13.8,25,20,4,4,999.1,4,-11,2.5,0.9
656,0,10.3,37,100,6,4,1001,4,-14,1.2,1.7
672,0,9.8,35,10,4,4,1003,4,-20,0.9,2.1
442,2,10.7,29,20,6,4,986.4,4,7,2.2,1.8
694,0.4,4.1,76,4,6,4,994.8,4,-2,-3.6,3.9
478,0.7,5.5,58,20,6,4,999.1,4,119,0.7,3.1
446,0,10.7,34,10,6,4,998.5,4,-25,1.1,1.8
692,0,14.9,20,100,3,0,1000.3,4,0,3.9,-2.2
176,0,17.1,21,20,5,0,1004.1,4,-13,4.8,-2.3
146,0,15.6,20,20,5,1,997.4,4,-19,3.9,-2.2
457,0,15.4,25,20,4,1,1005.1,4,0,3.6,-2.4
304,0,18.3,21,20,7,4,999.5,4,-9,5.5,-2.1
693,0,15.5,26,10,7,4,1002.9,4,-2,3.6,-2.5
223,0,20.5,22,20,3,1,995.5,4,-9,5.1,-2.3
651,0,17.6,19,100,5,4,998.9,4,5,4.1,-2.4
663,0,16.9,26,10,3,0,1003,4,-9,5,-2.9
361,0,15.3,19,100,4,0,989.2,4,-81,3.6,-2.5
689,0,14.1,21,10,3,0,998.8,4,-5,3,-2.3
531,0,13.5,22,20,4,0,1004.9,4,53,3.4,-1.9
423,0,16.6,20,10,3,1,997.8,4,-23,3.5,-2.5
173,0.1,16.6,90,20,3,1,988.4,4,-3,3.3,-0.5
138,0,15.2,91,20,2,1,982.6,4,-8,-1.4,0.1
467,0,16.4,75,20,4,1,987.5,4,10,5.1,-2.6
304,1,21.9,53,20,6,4,989.4,4,0,5.1,1.4
689,0,22.8,43,10,8,4,989.7,4,-4,6.6,0.6
216,0,21.2,61,20,5,1,986.7,4,-7,6.4,0.6
629,0,21.3,64,100,8,4,986.4,4,-22,6.9,0.7
650,0,17.6,80,10,2,1,989.5,4,-13,5,1.1
319,0,14.5,79,10,2,3,977,4,-42,-7.8,2.9
682,0,16.7,52,4,3,3,982.6,4,-7,-0.1,1.3
515,0,21.8,27,20,4,1,987,4,-16,5.4,-0.4
414,0,18.5,81,10,3,1,985.3,4,-9,4.3,1.1
474,0,11,84,20,4,0,1001.4,4,7,-1.7,0.2
299,0,8.4,84,20,1,0,1000.2,4,-5,-0.2,1.3
684,0,9.7,83,10,1,0,1001.6,4,-5,-1.5,2.1
384,0,11.6,64,20,2,0,992.5,4,-5,-0.1,1.1
160,0.1,15.6,58,20,1,2,970.6,4,5,-1.6,2.1
219,0.1,10.6,79,20,1,2,995.8,4,3,-2.2,1.9
470,0.4,14.6,86,100,3,1,995.2,4,-45,-0.6,2.6
491,0,16.6,74,20,2,1,1002.3,4,8,-2.4,2.3
295,0,16.4,76,20,3,1,1002.5,4,-4,2.6,1.2
677,0,15.6,79,10,4,1,1003.5,4,-7,-4.6,2.6
375,0,26,41,20,2,1,992,4,-9,4.6,-0.2
160,0,28.5,25,100,2,1,969.6,4,0,4.9,-1.2
218,0,26.5,35,20,3,1,994.9,4,-1,3,0.1
118,0,26.5,33,20,3,0,991.6,4,-8,3,0
441,0,23.9,42,20,4,1,996.5,4,-29,1.5,0.9
468,0,26.4,25,100,3,0,969.9,4,51,6.6,-2.3
87,0,23.3,21,100,1,0,925,4,2,8.8,-2.4
493,0,12.8,93,10,1,1,999.5,4,10,1.1,-2.8
948,0,8.9,78,20,1,1,998.3,4,-15,1.1,-1.6
669,0,13.5,94,1,2,6,998.6,4,-8,1.7,-1.8
385,0,16.1,78,20,2,0,989.3,4,10,0.1,0.2
158,0,11.2,88,20,1,1,966.7,4,-2,0.7,-0.6
213,0,14.9,84,20,1,1,992.6,4,-5,0.9,-0.4
520,0,11,78,100,3,0,968,4,52,-1.2,-0.2
90,0,6.5,79,100,1,2,923.7,4,3,0.8,0.2
505,0.7,10.9,80,10,1,3,997.3,4,5,-1.7,-0.2
933,0,8.8,48,20,2,1,999.4,4,-15,-1.4,1
385,0,14.3,94,20,5,1,983.8,4,0,0.2,-0.9
211,0,14.7,95,4,2,6,988.1,4,-2,1.7,-0.9
526,0,11.8,78,100,3,2,963,4,6,-1.6,-0.7
915,0,5.3,58,20,3,0,1000.9,4,-18,4.6,1.6
632,0.1,1.3,68,10,3,2,1004.9,4,5,0.8,1.5
384,0.1,8.1,80,20,2,2,987.9,4,-1,-1.5,1.2
215,1,8.9,89,20,1,2,991.6,4,4,-0.2,1.5
91,0.1,15.2,80,100,1,1,912.8,4,3,-2.8,-0.6
298,0.1,15.5,68,100,2,3,897.9,4,-4,-3.7,-0.3
838,0,-0.8,79,20,1,2,1007.1,4,-39,0,1.2
649,0,1.1,63,20,2,2,1006.2,4,-15,-2.3,1.1
637,0,8.1,17,10,4,0,1012.8,4,5,0.4,0.4
335,0,11.2,27,20,2,0,999.1,4,-49,0.6,0.3
494,0,8.3,38,10,3,0,999.5,4,10,1.9,0.8
216,0,10,30,20,2,0,1002.5,4,1,-0.2,0.8
93,0,11.1,18,100,4,2,923.4,4,2,-1.7,2.2
296,0,12,19,100,4,2,905.9,4,-2,-0.6,1.2
922,0,6.6,21,100,3,0,1016.8,4,0,0.9,0.3
797,0,7,30,20,3,4,1014.2,4,-41,0.1,0.8
630,0,7,21,20,4,0,1013.3,4,-19,1.2,1
639,0,12.4,23,10,4,0,1009.8,4,2,1.4,-1.2
374,0,11.3,22,20,5,0,997.7,4,39,-0.5,0.7
501,0,9.3,28,10,3,0,998.5,4,7,-0.2,-0.1
211,0,11.4,22,20,2,2,1001.4,4,-5,-0.7,-0.1
90,0,10.5,31,100,3,1,920.7,4,-3,-2.9,1.5
294,0,12.5,26,100,6,1,901.8,4,-2,-0.7,-0.2
919,0,11.5,20,100,4,0,1011.8,4,-3,0.3,-1.5
608,0,10.9,17,20,2,0,1011.9,4,-22,1.2,-1.3
641,0,6,72,10,2,0,1006.3,4,2,5.3,-1.2
368,0,3.1,54,20,1,2,1001.5,4,-6,2,1.2
519,0,2.8,68,10,1,2,1002,4,18,1.7,1.1
209,0,2.2,56,20,1,2,1005.2,4,-2,4.1,1.1
83,0,-2.6,68,100,1,2,927.3,4,-7,1,1.3
276,0,0.7,48,100,5,2,908.9,4,-18,-0.5,1.4
1008,0,6.4,37,100,6,4,1009.8,4,5,2.3,-2
914,0.8,4.9,82,100,3,1,1006.1,4,-5,-1.6,-2.5
673,0,5,79,20,1,1,1006.6,4,-69,-0.6,-0.5
582,0,3.7,58,20,2,1,1007.7,4,-26,1.1,-1.4
438,0,15.5,56,20,2,3,998.5,4,-23,-3.3,0.6
641,0.4,17,42,10,6,1,999.2,4,0,-0.6,-0.3
371,0,22.5,22,20,3,4,995.8,4,3,1.7,-1.9
536,0,21.8,26,10,5,0,995,4,17,2.2,-2.2
204,0,18.8,34,20,6,4,999,4,-5,-1.7,-1.4
80,0,18.7,17,100,3,0,924.9,4,-3,2.5,-2.6
251,0,17,16,100,2,2,908.8,4,-25,2.5,-2.5
1012,0,4,80,100,4,1,1007.8,4,4,2.2,0.6
907,1,8.5,66,100,2,1,1005.1,4,-7,1.5,1.2
606,0.1,12,70,20,2,1,1001.5,4,-67,1,1.3
413,0.9,8.5,78,20,3,0,1001.1,4,-25,3.6,0.1
641,0,8.7,92,4,4,6,1001,4,0,1.9,-0.4
340,0,17.8,45,20,2,1,991.4,4,-31,5.8,0.1
543,0,19.7,27,10,5,0,991,4,7,7.2,0.2
199,0,18.8,37,20,2,0,994,4,-5,8,0
235,0,9.8,44,100,1,1,907.9,4,-16,8.1,-0.5
898,0.5,6.6,86,100,3,1,1001.6,4,-9,2.8,-2.5
389,0,19.2,33,20,5,1,992.4,4,-24,2.7,-0.2
640,0,21.8,26,10,6,4,991.1,4,-1,4.9,-1.4
266,0,21.8,27,20,4,0,997,4,-4,11.3,-0.7
334,0,19.1,40,20,2,1,991.4,4,-6,7.9,-0.3
529,0,20.7,31,10,3,1,992.1,4,-14,7,-0.2
194,0,19.2,35,20,2,1,994.7,4,-5,9,-0.5
630,0,21.5,33,100,5,1,995.5,4,43,7.8,-0.5
73,0,11.9,46,100,1,2,925.3,4,-3,10.2,-1.4
228,0,11.8,44,100,2,2,909.2,4,-7,8.4,-0.6
885,0,19.1,37,100,3,1,990.4,4,-13,1.9,-1.3
536,0,21.1,34,10,2,0,994.4,4,12,5.7,-0.4
121,0,32.6,15,20,7,4,988.1,4,-6,1.8,-2.2
493,0,30.1,17,20,5,0,987.4,4,-3,2.4,-2.4
738,0,29.8,17,20,6,4,983.7,4,-32,3.5,-2.3
365,0,29.6,17,20,8,4,981.5,4,-24,2.7,-2.5
635,0,30.3,17,10,5,4,980.6,4,-5,7.5,-4
540,0,31.1,15,20,10,4,981.9,4,4,3,-3.2
260,0,31,13,20,10,4,984.7,4,-6,2,-2.5
630,0,31.3,14,10,9,4,987.7,4,0,1.6,-2.6
289,0,30.9,12,20,9,4,979.9,4,-45,2.3,-2.7
122,0,32,15,100,2,0,960.2,4,-2,2,-2.2
500,0,32.5,12,10,7,4,981.3,4,-29,2.1,-2.6
188,0,32.9,13,20,6,4,983.2,4,-6,2.4,-2.6
628,0,32.1,11,100,9,4,984.7,4,-2,2.2,-2.8
550,0,30.9,17,10,3,0,988.2,4,-7,3,-3.1
69,0,31,9,100,4,0,916.3,4,-4,3.3,-1.9
225,0,28.4,12,100,2,0,902.4,4,-3,5.1,-2
867,0.1,10.9,80,100,4,1,991,4,-18,2,-0.6
544,0,32.1,11,10,6,4,983.9,4,8,2.9,-2.7
698,0,20.5,45,100,2,1,982.7,4,-6,-4.1,-0.8
119,0,22.4,41,20,7,4,987.9,4,-2,-4.2,-0.8
100,0.3,17.6,78,20,6,4,982.4,4,-4,-1.3,0.5
482,0,20,49,20,7,0,989.5,4,-3,-2,-1.1
471,0,19.2,52,20,5,1,988.4,4,-22,-3.5,-0.6
696,0.1,11.2,89,20,4,1,989.5,4,-42,-3.2,-0.1
342,0,8.4,78,10,1,3,990.4,4,-23,-3.7,0.8
633,0,6.7,75,10,3,1,992.8,4,-2,-1.4,0.7
540,0,8.4,69,20,4,0,994.5,4,0,-3.4,1.3
255,0.4,12.6,80,20,3,1,992,4,-5,-6.2,2.9
630,0,17,68,10,5,0,990.4,4,0,-6.1,-0.4
281,0,19.1,64,20,2,1,984.3,4,-8,-6.5,2
122,0.1,15,92,20,2,0,961.9,4,0,-8.7,-0.3
472,0,19.7,60,10,4,0,983.5,4,-28,-2.2,1
183,0,17.4,69,20,1,1,986.9,5,-5,-10.6,2.4
633,7,15.1,87,100,4,0,987.1,4,5,-5.5,0.9
544,0,14.6,93,10,1,8,989.5,4,-6,-5.2,0.9
41,0,15.3,88,10,1,3,983.5,4,-10,-9.7,1.3
245,1,16,86,10,4,8,976.3,4,-6,-4.8,0.5
88,0.1,19.7,52,20,2,1,974.2,4,-7,-4.1,-0.4
143,0,14.1,74,100,1,0,962.1,4,-6,-9.3,-0.8
357,0,17.6,72,10,2,8,981.9,4,-28,-7,0
328,0,19.6,59,10,6,4,986.6,4,13,-6.8,-0.2
396,0,15.2,83,20,3,8,988,4,18,-10.4,0.6
404,0.6,18,67,100,2,0,963.1,4,9,-5,0.1
358,0.1,15.2,77,100,1,0,972,4,-9,-6.8,-0.6
69,0,14.6,62,100,1,0,918.6,4,0,-4.6,0.5
223,0,17.8,46,100,2,0,904.3,4,-2,-5,0.7
547,1,16.9,82,10,3,8,986.4,4,3,-2.8,1.8
688,0,11.5,48,100,2,0,992,4,-10,-3.8,-0.4
378,0,14.3,49,20,3,2,998.3,4,-16,-1.3,-0.8
114,0.1,12.6,47,20,2,2,997.3,4,-5,-5,-0.5
97,0,9.7,57,20,2,0,990.8,4,-3,-6.1,0.1
479,0,14.1,47,20,5,0,999.2,4,-3,-2,-0.9
481,0,14.2,41,20,3,2,997.4,4,10,-1.7,-0.8
650,0,9.4,80,10,2,3,994.5,4,-46,-6.3,0.2
320,0.7,7.4,73,20,1,0,996.4,4,-22,-2.4,2.5
628,2,7.1,57,10,5,4,999,4,-5,-0.3,2.6
542,0,10.2,50,20,3,2,999.9,4,2,-6.6,3.4
252,0,14.7,32,20,3,2,997.3,4,-3,-2.9,-0.9
630,0,11,44,10,3,2,998.8,4,0,-6.1,-0.6
266,0,12.3,45,20,3,2,990.9,4,-15,-7,0.4
451,0,14,37,10,2,2,990.9,4,-21,-4,0.2
341,0.1,11.9,41,10,1,0,990.6,4,-16,-3.4,0
344,1,7.8,66,20,1,0,995.8,4,16,-7.8,0.1
248,4,10.4,50,20,1,2,995.7,4,10,-2.5,0.5
365,11,10.6,95,100,1,5,961,4,2,-1.2,-0.3
65,8,14,68,100,2,1,919.3,5,-4,-2.2,1
238,1,14.6,66,100,5,0,902.8,4,15,-2.6,0.6
841,0,6.6,93,10,2,3,995.7,4,-11,-5.8,-0.3
541,0,12.1,47,10,2,2,993.7,4,-6,-4.5,0.2
678,0,10.4,47,100,4,0,1000.7,4,-10,-0.5,1.6
378,0,12.8,39,100,2,0,1007.9,4,0,1.7,1.1
109,0,13.4,39,20,4,1,1006.2,4,-5,1.4,0.9
97,0,13.1,36,20,4,0,997.6,4,0,1.1,0.9
476,0,15.5,35,20,2,0,1007.7,4,-3,2.4,0.4
485,0,14.8,30,20,5,0,1006.2,4,4,2.9,0.3
605,0.9,11.1,46,20,4,0,1007.5,4,-45,2.2,1.2
299,0.3,12.5,42,20,2,0,1008.1,4,-21,2.8,0.9
624,0,12.5,32,10,3,2,1010.3,4,-4,2.2,0.6
542,0,13.8,27,20,3,2,1011.5,4,0,2.3,0.5
251,0,15.3,22,20,3,2,1006.9,4,-1,2,0.2
632,0,15.4,26,10,6,4,1007.2,4,2,2.7,0.2
281,0,19.2,18,20,5,2,996.1,4,15,-0.5,0.5
433,0,18.7,21,10,4,2,995.4,4,-18,0.4,0.7
173,0,18.5,19,20,3,2,999.4,5,-4,0.7,0.5
73,0,17.2,36,100,5,0,976.2,4,-2,-0.2,0.3
332,0,14.1,31,10,4,0,996.8,4,-9,1.7,0.8
366,0,13.6,32,20,4,0,1001.8,4,22,0.6,0.9
478,0,22.2,25,100,2,0,969.8,4,39,2.4,-0.3
250,0.3,20.8,19,100,6,0,905.5,4,12,2.1,-0.4
525,0,16.1,36,10,4,0,999.3,4,-16,1.5,0.6
662,0,11,54,100,2,2,1006.8,4,-16,8.1,-0.6
356,0,12.2,60,20,3,2,1012.7,4,-22,5.8,0.7
106,0,13,50,20,2,2,1011.1,4,-3,10.2,-0.7
96,0,11.8,53,20,1,2,1003.6,4,-1,11.8,-0.9
475,0,12.9,42,20,3,2,1012.4,4,-1,6.7,-0.2
482,0,13.3,39,20,3,2,1010.5,4,-3,9.8,-0.9
562,0,13,41,20,4,0,1009.3,4,-43,7.1,-0.8
27,0,14.3,33,20,7,4,1007.6,4,0,8,-1.6
619,0,15,31,10,5,0,1007.5,4,-5,7.2,-1.4
545,0,15.3,33,20,5,2,1009.8,4,3,7.6,-1.2
248,0,14.3,39,20,5,2,1008.6,4,-3,12,-1
637,0,13,48,10,5,2,1010.7,4,5,8.3,-0.8
272,0,14.6,42,20,4,2,997.6,4,-9,7.2,-0.7
435,0,14.2,41,10,3,2,999.7,4,2,6.4,-0.5
168,0,15.1,38,20,4,2,1002.2,5,-5,7.9,-0.7
76,0,13.5,47,100,1,2,984.2,4,3,14,-0.7
321,0,11.1,50,10,2,2,1004.7,4,-11,5.4,-0.4
395,0,10.1,42,100,2,0,1010.6,4,29,5,-0.4
503,0,13.7,49,100,1,2,975.3,4,25,8.8,-1.8
248,0,13.7,42,100,1,2,910.2,4,-2,6.9,-1.1
503,0,12.2,48,10,2,2,1004.6,4,-22,3.6,-0.7
629,0,17.2,46,100,2,0,992.2,4,-33,10.5,-2.4
103,0,20.2,35,20,2,0,995.4,4,-3,14.1,-2.8
93,0,17.1,46,20,2,1,988.6,4,-3,13.6,-2.4
479,0,20,34,20,2,0,996.8,4,4,10.4,-2.8
486,0,19.7,31,20,3,0,994.5,4,4,10.4,-2.8
524,0,17.9,41,20,4,1,994.3,4,-38,10.7,-2
258,0,18.8,35,20,5,1,992.7,4,-20,9.1,-2.1
611,0,16.3,46,10,2,1,991.8,4,-8,3,-2.1
548,0,16.3,52,20,4,1,993,4,3,2.2,-2
245,0,18.6,36,20,3,0,992.2,4,-3,9.9,-1.7
640,0,17.1,44,10,4,0,994.8,4,3,9.1,-1.9
293,0,21.2,33,20,4,0,984.9,5,21,12.7,-0.8
165,0,19.7,42,20,2,2,988.3,5,-3,9.7,-1.1
71,0,18.9,40,100,1,2,970.9,4,-5,16.3,-1.4
302,0,17.7,36,10,2,0,990.3,4,-19,9.1,-1.8
390,0,17.3,38,20,1,0,995.9,4,-5,9.7,-2.1
500,0,19.9,41,100,3,2,964,4,-3,11,-2.2
241,0,15.9,33,100,1,2,904.5,4,-7,8.8,-0.8
482,0,18,47,10,2,0,989.3,4,-21,7,-1.8
609,0,19.9,54,100,1,0,983.9,4,-20,-5.1,-0.5
323,0,19.3,57,20,1,2,989.3,4,-7,-3,-0.8
102,0,22.8,49,20,2,0,988,4,-1,-4.8,-0.7
91,0,16.4,72,20,1,0,981.7,4,-2,-9.1,-0.4
480,0,21.7,47,20,3,0,989.3,4,1,-2,-0.8
485,0,22.2,40,20,2,0,987.2,4,-1,-3.7,-1.2
497,0,18.1,69,20,1,0,985.9,4,-27,-7.2,-0.9
241,0.1,19.7,58,20,9,4,986.2,4,-17,-3.4,0.3
605,0.1,13.8,93,4,4,3,988.4,4,-6,-6.9,2.3
549,0,15.2,83,20,3,1,986.8,4,1,-9,-0.3
243,0,21.8,40,20,2,0,985,4,-2,-4.9,-1.2
643,0,21.1,45,10,3,0,987.4,4,3,-5.5,-1.3
464,0,21.7,46,10,5,0,980,4,11,-5.8,-0.3
165,0,20.5,50,20,2,0,981.9,5,0,-7.4,-0.4
280,0.1,19.5,54,10,1,0,982.2,4,-22,-5.5,-0.1
236,0.1,18,44,100,2,0,899.7,5,-5,-5.5,0.7
473,0,19.1,59,10,1,0,982.9,4,-9,-5.9,-0.7
597,0,18.9,72,10,2,3,978.6,4,-12,-1.8,0.2
307,0,16.7,90,20,3,3,983.4,4,-16,0.3,-0.8
103,0,19.5,85,20,3,3,982.1,4,1,0.4,-0.7
89,0,20.7,67,20,5,0,975.8,4,-2,0.5,-0.9
488,0,20.6,68,20,6,1,982.7,4,8,3.7,-0.9
495,0,20.7,63,20,4,1,981.1,4,10,2.3,-1
468,0.1,15.6,93,4,2,3,979.3,4,-29,-2.1,-0.3
549,0.9,16.7,91,20,2,1,981,4,0,1.6,0
240,0,21.2,58,20,6,4,979.8,4,-3,5.4,-0.4
645,0.1,21.8,54,10,6,4,982,4,2,3,0
294,0.1,23.6,54,20,6,1,973.9,5,-1,4.8,0.4
466,0.4,23.2,54,10,4,1,974.7,4,2,2.1,-0.4
163,0.1,22.7,60,20,2,1,976.5,5,-2,2.4,-1.3
638,0,22.4,59,100,5,1,978.3,4,-2,3.9,-0.7
517,0,19.4,72,10,2,1,982.4,4,-5,0.3,-0.8
11,0,18.8,72,20,3,1,978,4,-6,-0.1,0.3
218,0.1,19.4,72,20,3,1,969.9,4,-3,1.6,-1.4
65,0.1,20.9,69,10,1,3,968.4,4,-11,2.6,-0.6
68,0.4,20.1,70,100,1,1,961.4,4,-2,0.6,-0.7
280,0,21.1,61,20,1,1,973.5,4,-1,4.3,-0.4
269,0,20,67,4,2,3,977.2,4,-11,-2.2,-0.3
286,0,23,49,20,5,1,982.3,4,-37,2,-0.8
338,0,21,60,100,3,3,983.4,4,-18,1.1,-0.4
236,0,14.4,81,100,1,3,898.5,5,0,-0.2,0
473,0,19,80,10,4,1,977.9,4,0,1.4,-1.1
491,2,6.9,85,10,6,4,993,4,3,-6.9,6.2
214,0.1,10.6,67,20,7,4,978,4,-4,-3.8,3.1
263,2,12,82,10,3,3,981.8,4,-6,-1.1,2.5
282,0.6,14.4,70,100,6,4,986.6,4,-4,-0.1,2.7
154,0.1,15.9,71,100,5,1,985.4,4,-4,-0.7,2.3
361,0,14.1,74,20,3,0,985.1,4,-3,0,2.2
497,0,18.7,51,20,5,0,995.2,4,6,4.1,-0.1
209,0,16.4,43,20,5,1,983.2,4,-5,5.9,-1.2
127,0,15,46,100,1,0,967.8,4,-2,11.1,-1.7
265,0,16,49,20,6,4,993.9,4,-17,7.3,-2.3
145,0,12.1,71,100,3,3,994.8,4,-9,4.1,-2
360,0,13.7,58,20,4,1,992.5,4,-1,5.5,-2.8
395,0,9,73,10,2,1,994.3,4,-3,3.6,-2.2
126,1,8.7,95,4,1,6,964.8,4,-1,1.1,-0.1
363,0,13,62,100,2,0,959.8,4,-4,4.5,0.1
489,0.3,1,96,0,1,5,1008.7,4,-31,-1.1,1
205,0,16.5,45,20,1,2,986.7,4,-2,8,0.1
126,0,16.5,44,20,2,2,967.9,4,0,10.6,-0.6
461,0,13.5,48,100,3,1,1007,4,-28,2.3,-0.1
205,0,7.7,74,20,2,2,983.7,4,0,-0.4,0.2
61,0,7.2,77,100,1,2,919.5,4,-1,1.5,0.3
437,0,13.9,55,100,3,0,1003.8,4,-24,-0.8,-0.4
639,0,13.5,47,10,3,2,998.6,4,-3,0.9,0.2
271,0,13.1,59,20,2,2,986.2,4,1,0.5,0.8
422,0,12.2,51,10,2,2,987.1,4,-17,0.5,0.3
604,0,11.9,65,100,2,2,993.8,4,-2,1.3,0.4
3,0,11.5,54,20,1,2,990.3,4,-2,2.9,0
205,0,11.4,53,20,2,2,982.3,4,0,1.3,0.2
124,0,11,47,100,3,2,965.8,4,0,1.4,-0.4
61,0,10.3,66,100,1,2,918.7,4,0,2.3,0.9
220,0,13.5,62,100,2,0,902.4,4,-3,-0.7,1
415,0,15.2,49,100,5,0,1001.1,4,-22,-1.7,-0.1
451,0,12.1,65,10,1,2,992,4,-4,1.5,0.3
93,0,26.1,37,20,2,0,998.4,4,-6,4.7,-0.6
84,0,25.3,33,100,1,0,990.6,4,-3,5.1,-0.9
530,0,22.5,33,20,3,0,999.5,4,2,2.6,-0.7
529,0,20.3,23,20,4,0,1004.8,4,-4,3.3,-0.8
635,0,22.3,30,10,6,0,1000.1,4,-4,2.5,-0.7
272,0,25.2,33,20,3,0,988,4,1,4.2,-1.5
110,0,27.6,24,100,2,0,964.8,4,-1,7.4,-1.7
409,0,26.1,30,10,1,0,988.1,4,-13,4.3,-1
596,0,24.6,46,100,2,0,994,4,-8,4.5,-0.8
497,0,25.8,30,10,1,2,996.8,4,-4,4.8,-0.9
0,0,25.7,24,20,1,2,990,4,-3,4.8,-0.9
204,0,25.3,26,20,1,0,982.1,4,-1,3.6,-0.8
120,0,23.7,24,100,2,0,964.4,4,-4,5.4,-1.5
238,0,25.1,26,20,2,2,983.8,4,-6,4.8,-1.3
428,0,22.4,29,100,2,2,963.5,4,11,3.6,-2.8
61,0,25,24,100,2,0,918.1,4,0,5.9,-2.2
220,0.1,23.6,31,100,2,0,902.3,4,0,5.9,-2.1
398,0,17.6,32,100,2,1,1006.6,4,-17,1.1,-0.1
677,0,25.2,23,20,1,0,1002.7,4,-8,2.6,-0.9
437,0,25,32,10,2,0,992.1,4,-14,5.8,-0.7
537,0,22.2,56,100,5,1,986.6,4,-5,-3.1,0.5
90,0.1,19.7,75,20,3,3,992.2,4,-3,-4.9,0.8
82,0,22.5,58,20,3,1,984,4,-2,-3,1.2
533,0.1,16.3,69,20,3,1,994.1,4,3,-1.2,1
515,4,12.8,86,10,2,3,997.2,4,-30,-0.9,-0.3
526,0,20.3,32,20,2,1,999.3,4,-3,0.3,-0.9
632,0.1,16.3,63,10,6,1,994.9,4,-3,-2.4,0.9
271,0,18.5,55,20,5,1,985.5,4,-1,-2.4,1.1
110,0.1,17.9,47,10,3,3,963.9,4,0,-0.2,1.2
404,0,20.7,44,10,5,1,985.1,4,-5,1.8,0.3
591,0.4,17.4,85,100,1,3,989.5,4,-5,-2.6,0.8
495,0.1,17.8,80,4,1,3,992.5,4,-2,-5.4,2.2
-3,0,21.1,53,20,6,4,984.7,4,-3,-5.2,2.1
202,0,22,53,20,5,4,976.9,4,-2,-5.6,2.3
41,0,23.9,45,20,6,1,973.2,4,-4,-2.6,1.3
119,0,22.6,38,10,4,0,958.9,4,-1,-4.2,2
233,0,26.5,34,20,4,1,975.6,4,-5,-3.4,0.5
221,0,27.6,18,20,1,1,987.3,4,-23,-0.5,-0.6
264,0,27.2,32,100,1,1,987.1,4,-7,-0.4,-0.6
355,0,24.2,40,20,2,1,989.2,4,-2,-2.5,-0.8
436,0.1,17.7,67,100,3,1,962.9,4,8,-3.3,3.8
328,0,20.1,43,100,6,4,972.9,4,-4,-6.2,3.6
60,0.1,18.9,47,100,6,4,914.6,4,-1,-5.6,1.9
221,0.6,11.9,73,100,4,1,902.8,4,1,-5.3,1.9
382,0,18.3,30,100,3,1,1001.8,4,-16,-0.5,-0.6
358,0,18.3,44,20,1,0,999.7,4,-22,-1.4,-0.8
322,0,19.1,32,20,2,1,999.6,4,-24,-0.3,-0.7
456,0.3,17.2,52,10,1,3,997.1,4,-6,-4.2,0
666,0.1,17.4,50,20,3,3,996.8,4,-21,-2,0.9
377,0,26.1,27,10,1,0,989.8,4,-3,-1.6,-0.9
670,0.1,19.2,66,20,1,3,998.3,4,-7,-3.6,-0.1
420,2,16.6,95,4,1,3,988.1,4,-17,-6,1.6
183,0,21.1,47,20,2,1,991.1,4,-15,-4.1,0.6
883,0,19.3,36,20,1,1,1004.6,4,3,0.2,-0.8
298,0,19.6,56,20,2,1,994.5,4,-6,0.6,-1.4
88,0.1,21.6,42,20,3,1,993.3,4,-2,-1.6,-1
536,0,21,47,20,3,1,992.5,4,3,-0.6,-1.6
525,4,20.3,57,20,2,1,992.4,4,-1,0.1,-1
629,0.1,23,40,10,6,0,993.3,4,-3,-0.5,-1.1
271,0,22.7,41,20,4,0,986,4,0,1.4,-1.1
400,0.1,19.7,52,10,2,0,986.5,4,-4,0.4,-1.2
582,0,22,39,100,4,1,989.6,4,-9,0.7,-1.5
491,0.9,20.1,54,10,2,0,994,4,-4,2.1,-1.1
107,7,13,82,100,1,5,964.3,4,0,-1.6,0.2
232,3,14.5,78,20,3,1,981.8,4,-1,-1.2,0.2
92,0.1,19.6,51,100,3,1,991.9,4,-5,2.8,-0.5
352,0.1,20.3,43,20,3,0,991.7,4,-3,1.1,-0.4
316,0.1,18.1,63,10,2,0,994.2,4,-12,-0.9,-0.3
350,0.1,24,31,10,2,0,995.8,4,-1,1.4,-0.7
1063,0,19.2,37,100,1,1,998.9,4,-2,-0.5,-0.8
735,0,19.2,39,100,2,1,996.3,4,-4,-1,-1.2
367,2,12.5,90,10,1,8,995.9,4,-15,-7.3,0.6
333,19,12.7,96,10,1,3,993.9,4,-25,-5.2,-0.2
298,0,18.8,50,20,3,0,993.9,4,-24,-0.7,-2.1
455,0,18.8,46,20,3,1,994.1,4,-1,-2.4,0
648,0,21.2,30,20,2,1,993.3,4,-18,0.5,-0.6
373,0.8,19,62,10,1,0,990.7,4,-4,-0.1,-0.2
539,0.1,19,54,10,1,0,992.9,4,-6,-0.6,0.9
402,2,21.7,47,10,2,0,988.7,4,-18,1,-1.1
886,0,19.2,34,20,1,1,999.2,4,3,0.4,-1.1
300,0.5,16.2,84,20,5,3,991.5,4,2,-0.6,-0.1
87,0,15.9,84,20,1,0,990.6,4,-1,0.2,0
536,0,16.5,74,20,4,1,992.8,4,3,0.8,0.4
540,0.1,15.7,78,20,2,1,990.3,4,4,1,-0.1
624,0.1,15.4,80,10,3,3,991.2,4,-5,0.4,-0.2
270,0.1,15.1,63,20,4,1,982.7,4,-1,-0.2,-0.9
111,0.5,13,63,20,3,0,962.6,4,0,1.2,-0.3
402,0,14.5,68,10,1,1,983.7,4,2,-0.5,-0.6
576,0.1,14.7,87,100,3,1,987.6,4,-6,0.9,-0.1
487,0.1,14.1,85,4,1,3,990.8,4,-4,1.6,0
90,0,13,88,100,1,1,990.5,4,-2,-0.1,-0.2
352,0,14.1,87,20,2,1,989.1,4,0,1.1,-1
561,0,13.1,79,20,1,1,993,4,-9,0.5,-0.6
1061,0.5,13.9,78,100,1,3,995.1,4,-2,2.8,-0.8
354,0.5,10.8,95,100,1,1,991.7,4,-13,0.3,-0.7
451,0,13.2,78,20,3,1,989.3,4,-4,1.3,-1
629,0,13.9,79,20,2,1,989,4,-19,-0.1,-1.3
370,0,13.6,84,10,1,1,989.9,4,-3,3.7,-0.6
530,0,12.4,85,10,2,2,999.4,4,-9,3,0.1
390,0,15.5,80,10,2,1,986.1,4,-12,2.3,-0.2
489,0,29.9,28,10,1,1,994.3,4,5,2.2,-0.7
489,0,29.9,28,10,1,1,994.3,4,5,2.2,-0.7
489,0,29.9,28,10,1,1,994.3,4,5,2.2,-0.7
498,0,30.8,28,10,2,0,992.5,4,9,1.6,-0.8
498,0,30.8,28,10,2,0,992.5,4,9,1.6,-0.8
500,0,26.5,44,10,3,2,992.7,4,2,7.4,0
489,0,28.1,47,10,1,0,988.5,4,-6,8.1,0.4
262,0,21.5,76,20,2,0,980.8,4,-2,1.7,-0.1
482,0,20.1,78,10,1,0,990.6,4,-7,4.8,0.2
259,0,20,80,20,7,4,980.3,4,-3,3.7,2
544,0,25,59,10,2,1,990.7,4,-8,5.4,0.6
200,1,21.6,56,10,2,2,991.5,4,-7,4.6,1.2
577,0,23.4,52,20,3,1,989.2,4,1,5,-1.2
471,0,22,64,20,2,1,992.6,4,-4,4.8,0.1
536,0,19.9,78,10,3,1,988.6,4,-3,0.9,-1
107,0,20.3,73,10,2,3,957.3,4,0,2.9,-0.3
480,0,20.5,72,100,3,1,983.8,4,-6,3.7,-1.2
113,0,25.2,45,20,1,0,955.7,4,-1,8.8,-0.9
155,0,23.3,57,20,3,0,988.3,4,6,7.1,-0.8
287,0,27.5,58,100,1,0,966.4,4,-4,7.7,-0.6
187,0,26.3,47,10,1,2,996,4,-13,9.1,-0.5
382,0,25.7,58,20,1,2,998.6,4,-11,7.2,-0.3
915,0,25.4,55,100,1,0,1000.5,4,-19,3.8,-0.2
178,0,24,52,20,2,0,995.1,4,-8,5.3,-0.2
897,0,24.5,59,20,3,1,1000,4,-2,3.3,-0.4
463,0,26,46,20,4,0,992.4,4,-8,0.4,0.4
476,2,22.1,69,100,2,3,986.3,4,-4,-0.8,1.5
147,1,21.8,76,20,4,1,984.7,4,-8,-3.6,1.1
285,0.6,23.5,65,100,2,1,969.6,4,-2,1.7,1
181,0.1,24.8,59,10,2,1,989.6,4,-6,-3.4,0.6
372,8,19.3,96,4,3,3,993.5,4,-10,-1.4,1.5
893,25,18.4,96,10,2,1,995.8,4,-22,-0.7,0.6
168,16,18.2,91,20,3,3,992,4,-10,-0.4,1.6
891,3,23.5,47,20,4,1,997.7,4,-6,2.4,0.6
576,0,19,82,20,4,1,995.6,4,2,-0.2,1.7
457,0,16.5,90,10,4,5,994.7,4,-6,3.8,0.4
477,0,19,86,100,1,1,988.9,4,1,2.6,0.4
143,0,19.8,79,20,3,1,988.5,4,-4,0.4,0.6
285,0,17.1,96,100,1,5,973.2,4,0,1.1,0.3
578,0,20.6,77,20,3,0,994.2,4,2,0.4,0.2
478,0,19.7,85,100,1,1,989.1,4,1,3.4,0.2
140,0,18.4,86,100,2,2,992.5,4,-3,2.5,0.6
479,0.6,24.5,56,100,3,1,993.9,4,1,3.3,-0.1
137,0,22.4,68,20,4,1,994.9,4,-3,-2.9,1.1
289,0,30.2,33,100,4,0,954.3,4,-4,1.7,-0.5
477,0,28.3,39,100,2,1,985.9,4,-3,2.4,-0.9
138,0,28.1,39,20,2,1,987.7,4,3,4.7,-1.1
471,0,18.2,76,100,1,0,983.5,4,-6,3.3,0.3
138,0,19.1,91,4,1,6,984.4,4,0,2.9,0.2
131,0.1,18.8,82,20,3,3,981.4,4,-7,0.2,0.3
131,0.1,19.8,62,20,2,0,992.1,4,0,3.9,0.7
131,0,12.4,97,0,1,5,993.3,4,0,1.8,-0.3
148,0.6,26.9,46,100,3,1,977.8,5,17,3.8,0.3
107,0,11.7,98,0,1,5,1006.9,4,-3,-1.9,-0.3
104,0,25.5,40,20,5,0,999.1,4,-3,7.2,-0.8
102,0,24.2,48,20,5,1,997.4,4,-2,-2.7,0.8
100,0,14.7,65,20,3,1,1004.3,4,-2,8.6,1.3
253,0,22,49,10,3,2,989.9,4,-7,6.9,1.4
252,0,23,32,10,1,0,990.9,4,-1,2.4,-0.3
365,0,22.8,45,100,3,1,996.7,4,-15,4.2,-0.1
145,0,22.7,29,100,2,0,904.4,4,0,7.2,-2.1
79,0,11.5,92,20,1,0,997.6,4,-1,-9,-0.6
571,0,17,65,20,3,0,999.5,4,1,-4,-0.6
573,0,14.2,73,20,1,0,998,4,3,-6.3,-0.2
244,0,14.1,78,20,1,1,996.1,4,-2,-6.1,-0.6
447,0,11.8,77,10,3,0,999,4,-6,-9.3,-0.1
352,0,11.8,81,100,1,0,994.6,4,-13,-8.5,0
156,0,12.9,81,100,1,1,995.5,4,-14,-5.3,-0.2
73,0,14.5,73,20,2,1,995.2,4,-10,-3.1,0.2
352,0,12.3,79,20,2,0,995.1,4,-1,-4.2,-0.9
157,0,14.3,70,100,2,0,999.7,4,-4,-3.2,-0.2
149,0,13.5,89,20,1,1,998.3,4,-3,-5.1,0.1
137,0,14.9,76,20,2,1,998,4,-2,-3.6,-0.5
246,0,13.8,73,20,2,0,995.4,4,-7,-2.8,-1.3
120,0,14,66,10,1,1,994,4,1,-1.7,-1
365,0,13.9,81,20,1,1,998.6,4,-6,-2.6,-1.1
149,1,13.2,86,10,2,1,994.5,4,-3,-0.5,-0.8
134,0,13.2,82,10,1,0,992.8,4,-4,-6.1,-0.1
79,0.3,21.7,47,20,2,0,995.8,4,0,3.3,0.5
571,0.1,20.7,46,20,1,0,997.7,4,0,3.9,-0.3
573,0.5,20,39,20,3,0,996.4,4,0,4,0.4
242,0,19.6,44,20,4,0,997.9,4,-2,0.7,0.6
440,0,19,62,10,4,0,997.5,4,-7,1.2,1
347,0,16.6,77,100,3,1,991.8,4,-5,-3.6,1.1
453,0,14.3,90,10,1,1,995.4,4,-2,1.4,0.5
152,0,14.1,91,10,1,3,982.5,4,3,-3.6,0.6
148,0,13.3,86,10,2,8,991.7,4,-8,-3.7,-0.2
71,0,16.7,57,100,3,0,991.1,4,-2,-1.6,-0.3
351,0.1,19.5,46,20,4,8,991.6,4,-1,1.8,0.3
197,0,19.1,52,100,1,3,964.1,4,-1,-1.7,0.7
144,0,24.3,14,100,4,0,899.9,4,-1,4.4,-2
152,0,17.4,43,100,3,0,1004.6,4,-5,1.5,0.7
146,0,18.2,47,20,2,0,1002.2,4,-3,1.4,0
135,0,17.2,46,20,3,0,1001.9,4,-2,1,0.7
239,2,14.1,60,20,3,1,997.8,4,-7,-0.7,2
121,2,11.9,84,10,1,8,991,4,1,-2.4,1.1
128,0,16.1,85,10,2,1,989.9,4,-6,0.9,-0.3
-10,0.1,19.7,43,20,2,0,992.9,4,-12,0.8,1.1
78,0,13,78,20,2,0,1001.5,4,-2,7.6,-0.1
573,0,14.9,67,20,3,1,1004,4,2,4.5,0.7
574,0,13.7,72,20,2,1,1001.6,4,1,8.7,0.6
240,0,15.7,66,20,3,1,999.7,4,-2,12.9,-0.6
53,0,16.2,59,10,5,0,999.2,4,-2,7.8,-1.1
439,0,14.7,71,10,1,0,1002.5,4,-1,11.4,0.3
451,0,13.5,76,10,1,1,1000.9,4,-2,11.3,0.4
67,0,11.2,75,100,1,1,999.7,4,-4,4.2,0.7
351,0,11.3,74,20,3,1,999.6,4,0,6,-0.2
144,0,14.5,54,100,1,0,905.3,4,0,8.9,0.6
193,0.1,16.7,67,100,5,0,994.9,4,-8,3.1,-2.7
149,0,16.8,64,100,4,2,995.5,4,-3,3.7,-2.6
142,0,16.8,61,20,4,4,997,4,-4,5,-2
133,0,15.9,65,20,3,0,998.7,4,-2,5,-1.9
233,0,12.1,71,20,3,1,998.5,4,-6,3.3,-2.1
123,0,11.1,83,10,2,1,998.5,4,2,4.2,-0.2
574,0,14.9,77,20,3,2,996,4,1,-0.9,-1
574,0,7.7,88,20,1,2,995.4,4,0,-1.4,0.3
239,0,11.4,85,20,2,1,994.6,4,-1,0.4,1.2
52,0,10.1,84,10,3,0,999.4,4,-1,-3.3,2.2
434,0,8.6,92,10,2,2,996.3,4,-5,1.4,0
241,0,12.4,80,10,2,2,987.6,4,-2,-0.2,-0.2
338,0,10.7,76,100,3,2,992,4,-3,0.4,-0.2
67,0,15.3,56,20,3,1,989.3,4,0,-0.3,-1.9
356,0,13.3,70,20,3,1,990.3,4,5,-1.1,-0.3
188,0,6.9,83,100,2,0,1003,4,-5,-3.6,1.9
145,0,6.7,89,100,3,2,1002.7,4,-4,-1.8,1.5
136,0,7,99,20,1,2,1000.7,4,-6,-1.8,1.8
131,0,9.2,84,20,1,0,999.5,4,-2,-4,2
224,0,11.8,78,20,2,0,993.7,4,-9,-3.1,1.8
126,0.8,14.4,73,10,3,1,987.9,4,3,-0.6,-0.2
117,0,12.6,81,10,1,2,990.4,4,-5,-0.2,-0.2
75,0,16.7,44,20,2,0,1001.5,4,-3,2.8,-0.5
575,0,16.4,49,20,3,1,1002.7,4,1,3.5,-0.5
577,0,16.2,43,20,3,1,1000.8,4,3,2.9,-0.3
237,0,13.4,52,20,2,1,1003.4,4,-2,3.2,-0.5
50,0,9.5,84,10,3,1,1006.2,4,-2,1.8,-0.8
89,0,13.8,53,20,4,1,1005.1,4,-3,3.1,-0.6
435,0,19.3,39,10,3,0,1000.4,4,1,5.3,-0.9
238,0,21.9,43,20,4,2,988.3,4,-3,6.6,-1.1
336,0,18.2,50,100,3,0,995.5,4,-2,5.1,-0.7
449,0,17.6,43,10,3,1,999.3,4,-1,4.8,-0.6
67,0,14.1,52,100,4,0,1000.2,4,0,4.5,0.2
352,0,14.8,46,20,3,0,1000.8,4,-4,3.8,-0.2
143,0,23.1,28,100,2,2,903,4,0,7.2,-2.4
182,0,10.6,61,100,3,1,1012.5,4,-6,2.1,-0.1
140,0,11.8,52,100,3,1,1011.2,4,-5,4.9,-0.4
133,0,11.7,72,20,1,1,1008.5,4,-3,4.3,-0.4
129,0,11.7,64,20,2,1,1008.5,4,-2,4.2,-0.3
216,0,12,56,20,2,1,1005,4,-8,3.3,-0.1
128,0,12.6,54,10,2,1,1000.2,4,2,3.5,0.4
114,0,18.5,48,10,2,0,993.8,4,-3,5.2,-0.7
-122,0,19.5,37,20,1,0,1001.5,4,-11,11.7,-0.5
74,0,15.9,47,20,3,0,996.9,4,-1,3.4,-1.1
576,0,14.4,59,20,2,0,998.3,4,1,1.8,-1
580,0,14.2,41,20,5,0,996.9,4,3,2.5,-1.1
235,1,10.8,64,20,3,1,1000.3,4,-2,4,-0.6
86,0.1,10,74,20,5,1,1003,4,-3,2.4,-0.1
440,0,16.8,40,10,5,0,996,4,5,4.3,-1.4
236,0,18.5,36,10,4,2,983.3,4,-2,6.8,-1.1
335,0,16.8,47,100,3,0,990.6,4,-1,4.5,-1.2
448,0,17,41,10,2,2,994.1,4,-1,4.4,-1.3
64,0,10.3,56,100,2,1,998.5,4,-3,1.1,-0.3
350,0,9.6,59,20,4,0,998.6,4,-2,0.3,-0.5
143,0,20.4,36,100,1,1,898.1,5,0,6.8,-1.1
177,0,11,57,100,2,0,1009.9,4,-5,6.1,-1
135,0,11.6,55,100,2,0,1008.7,4,-5,8.6,-1.2
131,0,10.6,59,20,1,1,1006.3,4,-2,4.4,-1.2
127,0,9.8,54,20,3,1,1006.4,4,-2,4.2,-0.9
209,0,6.6,64,20,1,1,1003.8,4,-7,0.7,-0.4
108,0,16.9,45,10,2,2,988.8,4,-6,4.2,-1
-129,0,11.5,51,20,1,0,998.7,4,-7,2.7,-0.8
30,0,8.8,76,20,2,3,991.2,4,6,1.2,-0.9
74,0,9.4,72,20,4,1,988.9,4,0,1,-1.1
572,0,9,75,20,2,1,990.9,4,-4,0.5,-1.1
579,0.1,8.6,68,20,3,1,989.9,4,-1,0.9,-0.3
234,0,10.1,62,20,3,1,993.8,4,-1,4,-0.2
439,0,9.3,74,10,5,3,989.6,4,-1,0,0.1
233,0,10.7,87,10,3,1,975.4,4,-3,2.2,-1
326,0,9,86,100,2,1,982.1,4,-9,1.1,-1.4
447,0,10.8,68,10,2,1,986,4,-1,2.1,-0.8
60,0,11.8,48,100,1,1,989.5,4,-4,4.2,-1.5
349,0,11.6,56,20,4,0,989.5,4,-1,4.4,-1.1
142,0,13.6,77,100,1,1,895.4,5,-1,2.3,-1.6
172,0,10,76,100,2,1,1000.4,4,-5,3.4,-0.6
130,0,10.5,73,100,1,1,1000.5,4,-5,7,-0.3
127,0,12.4,58,20,1,1,998.6,4,-4,6.8,-0.4
125,0,13.7,47,20,2,0,997.3,4,-2,8.3,-1.5
171,0,12.6,55,20,2,0,995.5,4,-1,5.4,-1.9
199,0,9.6,60,20,2,0,994.8,4,-10,3.7,-1.6
134,0,10.3,56,10,1,0,990.9,4,3,2.2,-1.3
105,0,8.7,92,4,2,3,980,4,-3,0.6,-1.1
-135,0,9.9,55,20,2,1,990.4,4,-6,3.6,-1.1
231,0.1,5.2,91,20,2,1,997.6,4,-3,-1.5,0.9
130,2,5.9,91,20,2,1,992.4,4,-5,0.9,2.3
167,0,1.4,94,100,2,0,1004.1,4,-5,-1.7,0.4
127,0.1,0.8,94,100,1,0,1004.4,4,-3,-4,0.6
124,0.7,4.3,97,20,1,1,1002.3,4,-3,-1.3,0.9
123,0,3.8,90,20,1,1,1001.1,4,-2,-0.6,0.6
169,0,3.9,93,20,1,1,997.1,4,-2,-1.1,1.4
190,0.1,5.1,92,20,2,1,996,4,-9,-0.6,1.2
136,0,6.2,86,10,2,1,990.1,4,2,0.5,2
-137,0,6.4,86,20,1,1,993,4,-2,-0.2,-2.3
229,0,3.9,87,20,2,0,1002.8,4,-2,-0.7,0
123,0.1,4.7,92,10,1,1,999.7,4,-7,-0.7,0.6
163,0,3.1,92,100,3,1,1007.5,4,-4,-1.2,0.6
124,0,-1.7,96,100,2,0,1007.2,4,-3,-0.7,0
121,0,-3.6,99,20,1,0,1005.8,4,-3,-0.2,0
167,0,0.7,99,20,3,1,1001.4,4,-2,-2,0
186,0,1.2,95,20,3,0,1001.4,4,-4,-0.5,0.2
136,0.1,2.3,94,10,1,1,998.3,4,0,-0.2,0.4
-41,0,0.5,96,20,1,2,999.8,4,2,-1.2,0.7
123,0.1,10.4,88,20,1,3,985.9,4,0,-1.2,-1.5
158,0.1,6.2,82,100,2,1,998.9,4,-5,-1.6,-0.7
121,0.1,6.6,77,100,2,1,995.9,4,-3,-1.9,0
118,0.4,7,94,10,1,3,993.3,4,-3,-2.4,0
119,3,6,89,20,4,1,992.2,4,-2,-0.4,-1
165,1,6.3,89,10,4,3,994.2,4,-2,-0.3,-0.9
183,0.3,6.9,86,10,3,3,991.3,4,-3,-0.7,-2.4
134,0,7.7,77,4,2,3,991.8,4,-2,-2.8,-1.7
-46,3,8.1,85,20,2,0,986.2,4,-5,0.3,-2.1
145,0.5,12.3,94,20,2,1,984.7,4,11,-0.1,0.7
150,0,4.5,85,100,3,1,995.2,4,-4,-1,0.8
116,0,6,75,100,4,1,994.5,4,-2,-1.1,1
114,0,5.9,89,20,1,1,991.5,4,-3,-0.6,1
147,0,7.4,53,100,3,1,1011.5,4,-3,3.1,0.9
114,0,6.7,58,100,4,1,1011.2,4,-2,2,0.8
112,0,7.5,52,20,1,1,1009.7,4,-2,2.5,1
143,0,5.8,86,10,5,3,1006.4,4,-4,-0.6,-1.7
111,0,6.2,88,10,4,3,1005.2,4,-3,-0.5,-1.7
110,0,8.8,66,20,3,3,1005.3,4,-2,1.6,-2.4
108,0.1,9.2,92,20,2,1,998.5,4,-2,0.4,-1
412,0,20.8,47,10,6,0,997.1,4,0,5.4,0.8
107,0,15,68,20,4,4,996.2,4,-1,1.4,1.6
163,0,0.2,81,100,1,2,910.8,4,-6,-2.1,0.9
106,0,5.5,97,20,1,0,1001.3,4,-1,2,-1.7
415,0.5,18,60,10,4,0,995.3,4,5,2,0.8
161,0,18,37,100,1,2,905.1,4,-2,7.3,-2.2
571,0.9,8.7,84,20,3,1,993.8,4,0,-0.2,1.1
50,0,8.9,92,10,3,1,997.8,4,-2,-0.2,1.7
416,0,8.4,81,10,2,0,995,4,1,-0.4,1
159,0,12.5,68,100,5,4,901.8,4,-2,4.4,0.5
576,0.3,9.2,75,20,2,1,1005.7,4,5,0.1,-0.4
31,0.3,9.3,62,10,2,1,1004.1,4,-1,0.4,-1.7
48,0,8.4,76,20,4,1,1005.5,4,-2,0.1,-2.1
47,0,8.9,92,10,3,3,996,4,-1,-2,1.5
340,2,17.3,54,100,6,4,985.8,4,2,-0.4,-0.5
46,0,4.2,88,10,3,1,1003,4,-1,-1,0.5
354,0.3,7.3,90,100,3,1,990.4,4,14,-0.6,1
124,0.3,7.2,93,10,2,1,987.9,4,-8,-0.9,1.1
45,0.1,1.9,69,4,4,4,1006.9,4,-1,1.8,-0.2
46,0.7,1.3,81,20,4,7,1015.2,4,1,0.4,1.7
49,0,0.8,80,20,1,1,1021,4,3,-1,0
51,0,0.3,79,20,1,1,1021.3,4,2,2.2,0.6
55,0,7.3,40,20,3,0,1016.6,4,4,1.5,-0.9
56,0,6.2,58,20,2,1,1005.9,4,1,-0.7,-1.2
57,0,0.7,93,4,2,6,1004.8,4,1,-0.9,0.1
59,0.5,5.4,83,10,2,3,1009.1,4,2,-0.3,0.8
59,0.6,2.6,96,10,1,1,1008.8,4,0,-0.5,-0.3
59,0.6,0.5,98,4,1,7,1007.8,4,0,-0.2,-0.7
59,0,0.2,95,10,1,1,999.8,4,0,0.6,-1.5
60,0,1.2,76,10,2,7,999.2,4,1,1.1,0.2
62,2,0.9,96,4,3,7,1002.3,4,2,0.6,0.8
67,0,-1.7,92,20,2,1,1026.1,4,2,-0.7,1
67,0,-3.4,81,20,1,0,1029.4,4,0,-3.2,0.1
67,0,2,67,20,4,1,1022.4,4,0,0.8,-1
67,0,0.8,88,10,1,1,1018.2,4,0,1.4,0.1
67,0,10.6,58,20,4,0,1015.6,4,0,4.8,-0.2
68,0,6.8,46,20,1,2,1020,4,-2,2,-1
69,0,-4.7,96,10,1,2,1018.2,4,1,-0.6,-0.4
70,0,5.5,40,20,2,0,1007.2,4,1,-2.5,-1.8
72,0,-0.4,76,20,2,0,1001,4,2,0,-1.8
592,0,7.1,81,20,2,1,998.1,4,-1,-0.5,-0.3
73,0,2.4,82,10,2,1,999.1,4,1,0.2,1.5
594,0,0.8,96,1,1,6,1009.2,4,2,-1.2,0.7
75,0,-1.6,94,4,2,6,1010.8,4,2,1.6,0.4
235,0,2.1,91,10,2,2,996.2,4,-3,-0.9,0.6
70,0,2.3,88,20,2,1,1000.5,4,-4,1.5,-1.5
593,0,2,89,10,2,1,1000.7,4,-1,0.4,-1.2
75,0,2.5,89,4,3,6,1000.6,4,0,1.7,-1.4
66,0,13.5,51,20,2,0,977.5,4,-2,5.8,-1.8
56,0,5.1,96,10,3,3,1000.5,4,-14,2.8,0.9
592,0.6,6.2,95,20,4,3,1000.3,4,-1,3.7,0.6
75,2,7.2,91,10,4,1,996.7,4,0,2.4,0
228,0.1,9.2,78,10,7,4,993.2,4,-3,2.2,0.5
326,0.6,8.1,86,100,6,1,996.5,4,-12,1.4,1
474,0.1,6.4,95,4,1,3,999.9,4,-1,5.9,1.5
65,0,6.4,93,10,4,3,983.9,4,-1,5.2,3.1
159,0.1,8.5,83,10,2,1,969.7,4,1,1.4,1.9
99,0.1,7.5,91,10,3,3,995.4,4,-4,2.7,1.7
227,0.3,6.9,79,10,7,4,990.4,4,-1,1.3,1.7